family,family_zh,family_en,concept_count,total_expert_links,leading_experts_zh,leading_indicators_zh,leading_indicators_en,core_question_zh,core_question_en,best_use_zh,best_use_en,caution_zh,caution_en
auction_market,拍賣市場,Auction Market,1,2,彼得・史戴梅爾,Market Profile,Market Profile,拍賣市場用於補充主要技術分析框架。,Auction Market complements the main technical-analysis framework.,依指標性質搭配趨勢、動量、量價或風險資料使用。,"Use it with trend, momentum, volume, or risk evidence depending on context.",避免孤立使用單一工具。,Avoid using any single tool in isolation.
breadth,市場寬度,Market Breadth,3,17,內德・戴維斯；謝爾曼・麥克萊倫；瑪麗安・麥克萊倫；理查・阿姆斯,市場寬度；McClellan Oscillator；TRIN / Arms Index,Market Breadth; McClellan Oscillator; Arms Index,觀察指數背後參與股票的廣度與市場內部健康。,Looks at participation and internal health behind an index.,適合判斷牛熊轉折、指數背離與風險擴散。,"Useful for bull/bear turns, index divergence, and risk diffusion.",多數廣度資料偏市場層級，不一定適用單一股票。,Most breadth data is market-level and may not apply to a single stock.
breakout,突破交易,Breakout,2,4,馬克・費雪；托比・克拉貝爾,開盤區間突破；ACD 開盤區間法,Opening Range Breakout; ACD Method,突破交易用於補充主要技術分析框架。,Breakout complements the main technical-analysis framework.,依指標性質搭配趨勢、動量、量價或風險資料使用。,"Use it with trend, momentum, volume, or risk evidence depending on context.",避免孤立使用單一工具。,Avoid using any single tool in isolation.
charting,圖表分析,Charting,8,47,史蒂夫・尼森；湯瑪斯・布考斯基；威廉・歐尼爾；A・W・科恩；本間宗久；羅伯特・愛德華茲,圖表型態；支撐阻力；價格行為；K 線 / 蠟燭圖；讀帶 / 盤口判讀；點數圖；杯柄形態；VCP 波動收縮形態,Chart Patterns; Support and Resistance; Price Action; Candlestick Charting; Point and Figure; Tape Reading; Cup With Handle; Volatility Contraction Pattern,透過價格型態、K 線與結構辨識交易情境。,"Identifies trading context through price patterns, candlesticks, and structure.",適合視覺化支撐阻力、突破、反轉與整理。,"Best for visualizing support/resistance, breakouts, reversals, and consolidations.",型態主觀性較高，應用統計或規則降低任意解讀。,Patterns are subjective; use statistics or rules to reduce arbitrary interpretation.
cycle,週期分析,Cycle Analysis,3,8,約翰・艾勒斯；威廉・江恩,週期分析；Ehlers 濾波器；江恩理論,Cycle Analysis; Ehlers Filters; Gann Methods,週期分析用於補充主要技術分析框架。,Cycle Analysis complements the main technical-analysis framework.,依指標性質搭配趨勢、動量、量價或風險資料使用。,"Use it with trend, momentum, volume, or risk evidence depending on context.",避免孤立使用單一工具。,Avoid using any single tool in isolation.
foundation,技術分析基礎理論,Foundations,1,7,查爾斯・道,道氏理論,Dow Theory,先建立趨勢、確認、價格與成交量的基本框架。,"Start with trend, confirmation, price, and volume as the core framework.",用於判斷市場是否值得進一步套用指標。,Use this to decide whether a market deserves further indicator analysis.,不要把理論框架直接當成買賣訊號。,Do not treat a theoretical framework as a direct trading signal.
market_timing,市場時機,Market Timing,2,2,湯姆・迪馬克,DeMark 指標；市場時機,DeMARK Indicators; Market Timing,市場時機用於補充主要技術分析框架。,Market Timing complements the main technical-analysis framework.,依指標性質搭配趨勢、動量、量價或風險資料使用。,"Use it with trend, momentum, volume, or risk evidence depending on context.",避免孤立使用單一工具。,Avoid using any single tool in isolation.
momentum,動量指標,Momentum,12,29,圖沙・昌德；拉瑞・威廉斯；唐納德・蘭伯特；拉倫斯・康納斯；艾德溫・科波克；亞歷山大・艾爾德,動量；RSI 相對強弱指數；MACD；隨機 RSI；CCI 商品通道指標；Chande 動量震盪器；Connors RSI；Coppock 曲線,Momentum; Relative Strength Index; Moving Average Convergence/Divergence; Stochastic RSI; Chande Momentum Oscillator; Commodity Channel Index; ConnorsRSI; Coppock Curve,衡量價格推進力度、背離、超買超賣與短線節奏。,"Measures thrust, divergence, overbought/oversold conditions, and short-term rhythm.",適合搭配趨勢方向做進出場時機判斷。,Best paired with trend direction for entry/exit timing.,強趨勢中超買超賣可長時間維持。,Overbought/oversold states can persist in strong trends.
research,實證研究與回測,Research and Backtesting,2,21,大衛・阿隆森,實證技術分析；回測與系統驗證,Evidence-Based Technical Analysis; Backtesting,用統計與資料驗證技術分析是否真的有可重複效果。,Uses statistics and data to test whether technical analysis has repeatable value.,適合篩選可信方法、檢查資料探勘與建立證據標準。,"Best for filtering credible methods, checking data mining, and setting evidence standards.",研究結論常受樣本、成本、存活者偏差與市場變化影響。,"Results depend on samples, costs, survivorship bias, and market changes."
risk,風險與回撤,Risk and Drawdown,2,4,彼得・馬丁；拜倫・麥肯,Ulcer Index；風險 / 回撤,Risk / Drawdown; Ulcer Index,風險與回撤用於補充主要技術分析框架。,Risk and Drawdown complements the main technical-analysis framework.,依指標性質搭配趨勢、動量、量價或風險資料使用。,"Use it with trend, momentum, volume, or risk evidence depending on context.",避免孤立使用單一工具。,Avoid using any single tool in isolation.
sentiment,市場情緒,Sentiment,1,8,傑森・戈普弗特,市場情緒,Sentiment,市場情緒用於補充主要技術分析框架。,Sentiment complements the main technical-analysis framework.,依指標性質搭配趨勢、動量、量價或風險資料使用。,"Use it with trend, momentum, volume, or risk evidence depending on context.",避免孤立使用單一工具。,Avoid using any single tool in isolation.
stock_selection,股票選股,Stock Selection,3,10,威廉・歐尼爾；查爾斯・柯克派翠克二世,相對強弱 / 強勢股篩選；CAN SLIM；股票選股,Relative Strength; CAN SLIM; Stock Selection,股票選股用於補充主要技術分析框架。,Stock Selection complements the main technical-analysis framework.,依指標性質搭配趨勢、動量、量價或風險資料使用。,"Use it with trend, momentum, volume, or risk evidence depending on context.",避免孤立使用單一工具。,Avoid using any single tool in isolation.
support_resistance,支撐阻力,Support and Resistance,2,4,艾倫・安德魯斯；喬・迪納波利,費波納契時間/價格；安德魯分叉線,Fibonacci Time and Price; Andrews' Pitchfork,整理市場反覆反應的價位、通道與時間價格區域。,"Maps recurring reaction levels, channels, and time-price zones.",適合規劃風險報酬、停損、目標價與觀察區。,"Useful for risk/reward planning, stops, targets, and observation zones.",單一水平不可靠，需看成交量、趨勢和觸價反應。,"A single level is fragile; check volume, trend, and reaction behavior."
systems,交易系統,Trading Systems,1,15,佩里・考夫曼,交易系統,Trading Systems,把技術規則轉為可測試、可重複的交易流程。,Turns technical rules into testable and repeatable trading processes.,適合建立策略、回測、風控與樣本外驗證。,"Best for strategy design, backtesting, risk control, and out-of-sample validation.",過度最佳化會讓歷史績效失真。,Over-optimization can make historical performance misleading.
trend,趨勢分析,Trend Analysis,17,45,佩里・考夫曼；威爾斯・威爾德；圖沙・昌德；理查・唐奇安；達利・古比；艾倫・霍爾,趨勢跟隨；移動平均；VIDYA 動態平均；Vortex 指標；ADX / DMI；Aroon 指標；DEMA / TEMA；Guppy 多重移動平均,Trend Following; Moving Average; Variable Index Dynamic Average; Vortex Indicator; Adaptive Moving Average; Aroon; Average Directional Index / Directional Movement; Donchian Channel,回答市場方向是否存在，以及趨勢是否延續。,Answers whether direction exists and whether the trend persists.,適合中長線方向、均線、通道與趨勢跟隨。,"Best for medium/long-term direction, moving averages, channels, and trend following.",盤整市容易產生滯後與反覆假訊號。,Range-bound markets can create lag and repeated whipsaws.
volatility,波動率,Volatility,3,8,約翰・布林格；威爾斯・威爾德,波動率；ATR 平均真實波幅；布林通道,Volatility; Average True Range; Bollinger Bands,衡量市場波動環境、通道擴張收縮與風險狀態。,"Measures volatility regimes, channel expansion/contraction, and risk state.",適合做倉位、停損距離與波動突破判斷。,"Useful for position sizing, stop distance, and volatility breakouts.",波動率本身不提供方向，需要與趨勢或價格結構合用。,Volatility does not provide direction by itself; combine it with trend or structure.
volume,成交量與資金流,Volume and Money Flow,8,24,理查・威科夫；馬克・柴金；亞歷山大・艾爾德；金・匡；阿夫魯姆・蘇達克；約瑟夫・格蘭維爾,成交量分析；威科夫方法；MFI 資金流量指標；Chaikin 資金流；Force Index；OBV 能量潮；VSA 量價差分析；VWAP / Anchored VWAP,Volume Analysis; Wyckoff Method; Money Flow Index; Chaikin Money Flow; Force Index; On-Balance Volume; VWAP / Anchored VWAP; Volume Spread Analysis,用成交量、資金流與供需關係驗證價格走勢。,"Uses volume, money flow, and supply/demand to validate price movement.",適合確認突破、派發/吸收、買賣壓力。,"Best for confirming breakouts, distribution/accumulation, and buying/selling pressure.",不同市場的成交量資料品質差異很大。,Volume data quality varies widely across markets.
wave,波浪理論,Wave Analysis,1,6,拉爾夫・尼爾森・艾略特,艾略特波浪,Elliott Wave,波浪理論用於補充主要技術分析框架。,Wave Analysis complements the main technical-analysis framework.,依指標性質搭配趨勢、動量、量價或風險資料使用。,"Use it with trend, momentum, volume, or risk evidence depending on context.",避免孤立使用單一工具。,Avoid using any single tool in isolation.
