concept_slug,concept_zh,concept_en,family,family_zh,family_en,expert_count,winner_zh,winner_en,runner_up_zh,runner_up_en,judgment_zh,judgment_en,all_experts_zh,all_experts_en,top_materials_zh,top_materials_en,material_count,integrated_use_zh,integrated_use_en
acd-method,ACD 開盤區間法,ACD Method,breakout,突破交易,Breakout,1,馬克・費雪,Mark B. Fisher,無直接補充專家；目前資料庫只收錄一位核心專家,No direct runner-up; current database maps one core expert only,馬克・費雪是目前資料庫中唯一對應「ACD 開盤區間法」的核心專家。,Mark B. Fisher is the only expert currently mapped to ACD Method in this database.,馬克・費雪（創始者）,Mark B. Fisher (creator),《邏輯交易者》 - 馬克・費雪,The Logical Trader - Mark B. Fisher,1,ACD 開盤區間法屬於突破交易，優先研究馬克・費雪，再用其他專家資料交叉驗證。,ACD Method belongs to Breakout; start with Mark B. Fisher and use other experts for cross-checking.
adaptive-moving-average,自適應均線,Adaptive Moving Average,trend,趨勢分析,Trend Analysis,1,佩里・考夫曼,Perry J. Kaufman,無直接補充專家；目前資料庫只收錄一位核心專家,No direct runner-up; current database maps one core expert only,佩里・考夫曼是目前資料庫中唯一對應「自適應均線」的核心專家。,Perry J. Kaufman is the only expert currently mapped to Adaptive Moving Average in this database.,佩里・考夫曼（創始者）,Perry J. Kaufman (creator),《交易系統與方法》 - 佩里・考夫曼；《更聰明的交易》 - 佩里・考夫曼,Trading Systems and Methods - Perry J. Kaufman; Smarter Trading - Perry J. Kaufman,2,自適應均線屬於趨勢分析，優先研究佩里・考夫曼，再用其他專家資料交叉驗證。,Adaptive Moving Average belongs to Trend Analysis; start with Perry J. Kaufman and use other experts for cross-checking.
adx-dmi,ADX / DMI,Average Directional Index / Directional Movement,trend,趨勢分析,Trend Analysis,1,威爾斯・威爾德,J. Welles Wilder Jr.,無直接補充專家；目前資料庫只收錄一位核心專家,No direct runner-up; current database maps one core expert only,威爾斯・威爾德是目前資料庫中唯一對應「ADX / DMI」的核心專家。,J. Welles Wilder Jr. is the only expert currently mapped to Average Directional Index / Directional Movement in this database.,威爾斯・威爾德（創始者）,J. Welles Wilder Jr. (creator),《技術交易系統新概念》 - 威爾斯・威爾德,New Concepts in Technical Trading Systems - J. Welles Wilder Jr.,1,ADX / DMI屬於趨勢分析，優先研究威爾斯・威爾德，再用其他專家資料交叉驗證。,Average Directional Index / Directional Movement belongs to Trend Analysis; start with J. Welles Wilder Jr. and use other experts for cross-checking.
andrew-pitchfork,安德魯分叉線,Andrews' Pitchfork,support_resistance,支撐阻力,Support and Resistance,1,艾倫・安德魯斯,Alan Andrews,無直接補充專家；目前資料庫只收錄一位核心專家,No direct runner-up; current database maps one core expert only,艾倫・安德魯斯是目前資料庫中唯一對應「安德魯分叉線」的核心專家。,Alan Andrews is the only expert currently mapped to Andrews' Pitchfork in this database.,艾倫・安德魯斯（創始者）,Alan Andrews (creator),原文題名：Andrews' Pitchfork - 艾倫・安德魯斯,Andrews' Pitchfork - Alan Andrews,1,安德魯分叉線屬於支撐阻力，優先研究艾倫・安德魯斯，再用其他專家資料交叉驗證。,Andrews' Pitchfork belongs to Support and Resistance; start with Alan Andrews and use other experts for cross-checking.
aroon,Aroon 指標,Aroon,trend,趨勢分析,Trend Analysis,1,圖沙・昌德,Tushar S. Chande,無直接補充專家；目前資料庫只收錄一位核心專家,No direct runner-up; current database maps one core expert only,圖沙・昌德是目前資料庫中唯一對應「Aroon 指標」的核心專家。,Tushar S. Chande is the only expert currently mapped to Aroon in this database.,圖沙・昌德（創始者）,Tushar S. Chande (creator),《新技術交易者》 - 圖沙・昌德,The New Technical Trader - Tushar S. Chande,1,Aroon 指標屬於趨勢分析，優先研究圖沙・昌德，再用其他專家資料交叉驗證。,Aroon belongs to Trend Analysis; start with Tushar S. Chande and use other experts for cross-checking.
atr,ATR 平均真實波幅,Average True Range,volatility,波動率,Volatility,2,威爾斯・威爾德,J. Welles Wilder Jr.,奧利維耶・塞班,Olivier Seban,威爾斯・威爾德優勝，因其在原創性、專屬性與資料覆蓋上最強；主要對照者為奧利維耶・塞班。,"J. Welles Wilder Jr. wins because of the strongest mix of originality, specificity, and evidence coverage; main comparison: Olivier Seban.",威爾斯・威爾德（創始者）；奧利維耶・塞班（ATR 通道應用）,J. Welles Wilder Jr. (creator); Olivier Seban (ATR channel application),《技術交易系統新概念》 - 威爾斯・威爾德；原文題名：SuperTrend - 奧利維耶・塞班,New Concepts in Technical Trading Systems - J. Welles Wilder Jr.; SuperTrend - Olivier Seban,2,ATR 平均真實波幅屬於波動率，優先研究威爾斯・威爾德，再用其他專家資料交叉驗證。,Average True Range belongs to Volatility; start with J. Welles Wilder Jr. and use other experts for cross-checking.
backtesting,回測與系統驗證,Backtesting,research,實證研究與回測,Research and Backtesting,9,大衛・阿隆森,David Aronson,茱莉・達爾奎斯特、湯瑪斯・布考斯基,Julie R. Dahlquist / Thomas N. Bulkowski,大衛・阿隆森優勝，因其在原創性、專屬性與資料覆蓋上最強；主要對照者為茱莉・達爾奎斯特、湯瑪斯・布考斯基。,"David Aronson wins because of the strongest mix of originality, specificity, and evidence coverage; main comparison: Julie R. Dahlquist / Thomas N. Bulkowski.",大衛・阿隆森（資料探勘校正）；茱莉・達爾奎斯特（缺口策略研究）；湯瑪斯・布考斯基（歷史樣本統計）；安德魯・羅（統計推論）；亞瑟・梅里爾（型態統計）；霍華德・班迪（策略驗證）；穆雷・魯傑羅（策略測試）；羅伯特・帕多（系統測試）；湯瑪斯・史翠茲曼（策略測試）,David Aronson (data-mining adjustment); Julie R. Dahlquist (gap-strategy research); Thomas N. Bulkowski (historical sample statistics); Andrew W. Lo (statistical inference); Arthur A. Merrill (pattern statistics); Howard Bandy (strategy validation); Murray A. Ruggiero Jr. (strategy testing); Robert Pardo (system testing); Thomas Stridsman (strategy testing),《技術分析：金融市場技術分析師完整資源》 - 茱莉・達爾奎斯特；原文題名：Analyzing Gaps for Profitable Trading Strategies - 茱莉・達爾奎斯特；《圖表型態百科全書》 - 湯瑪斯・布考斯基；《控制論交易策略》 - 穆雷・魯傑羅；《交易系統設計、測試與最佳化》 - 羅伯特・帕多；《量化交易系統》 - 霍華德・班迪,"Technical Analysis: The Complete Resource for Financial Market Technicians - Julie R. Dahlquist; Analyzing Gaps for Profitable Trading Strategies - Julie R. Dahlquist; Encyclopedia of Chart Patterns - Thomas N. Bulkowski; Cybernetic Trading Strategies - Murray A. Ruggiero Jr.; Design, Testing, and Optimization of Trading Systems - Robert Pardo; Quantitative Trading Systems - Howard Bandy",13,回測與系統驗證屬於實證研究與回測，優先研究大衛・阿隆森，再用其他專家資料交叉驗證。,Backtesting belongs to Research and Backtesting; start with David Aronson and use other experts for cross-checking.
bollinger-bands,布林通道,Bollinger Bands,volatility,波動率,Volatility,2,約翰・布林格,John Bollinger,傑瑞米・杜普萊西斯,Jeremy du Plessis,約翰・布林格優勝，因其在原創性、專屬性與資料覆蓋上最強；主要對照者為傑瑞米・杜普萊西斯。,"John Bollinger wins because of the strongest mix of originality, specificity, and evidence coverage; main comparison: Jeremy du Plessis.",約翰・布林格（創始者）；傑瑞米・杜普萊西斯（P&F 結合指標）,John Bollinger (creator); Jeremy du Plessis (P&F-integrated indicator work),《布林格談布林通道》 - 約翰・布林格；《點數圖權威指南》 - 傑瑞米・杜普萊西斯；《二十一世紀點數圖》 - 傑瑞米・杜普萊西斯,Bollinger on Bollinger Bands - John Bollinger; The Definitive Guide to Point and Figure - Jeremy du Plessis; 21st Century Point and Figure - Jeremy du Plessis,3,布林通道屬於波動率，優先研究約翰・布林格，再用其他專家資料交叉驗證。,Bollinger Bands belongs to Volatility; start with John Bollinger and use other experts for cross-checking.
breadth,市場寬度,Market Breadth,breadth,市場寬度,Market Breadth,14,內德・戴維斯,Ned Davis,拉瑞・威廉斯、拉爾夫・文斯,Larry Williams / Ralph Vince,內德・戴維斯優勝，因其在原創性、專屬性與資料覆蓋上最強；主要對照者為拉瑞・威廉斯、拉爾夫・文斯。,"Ned Davis wins because of the strongest mix of originality, specificity, and evidence coverage; main comparison: Larry Williams / Ralph Vince.",內德・戴維斯（市場指標）；拉瑞・威廉斯（Dow Award 研究）；拉爾夫・文斯（新低數研究）；謝爾曼・麥克萊倫（市場寬度）；瑪麗安・麥克萊倫（市場寬度）；理查・阿姆斯（市場寬度）；艾德森・古爾德（市場指標）；保羅・德斯蒙德（熊市底部研究）；巴夫・多米爾（成交量廣度）；安德魯・思拉舍（市場健康）；約翰・墨菲（市場分析）；華特・迪默（市場備忘錄）；傑森・戈普弗特（基金現金/市場指標）；A・W・科恩（Bullish Percent）,Ned Davis (market indicators); Larry Williams (Dow Award research); Ralph Vince (new-lows research); Sherman McClellan (market breadth); Marian McClellan (market breadth); Richard W. Arms Jr. (market breadth); Edson Gould (market indicators); Paul Desmond (bear-market bottom research); Buff Dormeier (volume breadth); Andrew Thrasher (market health); John J. Murphy (market analysis); Walter Deemer (market memos); Jason Goepfert (mutual-fund cash / market indicators); A. W. Cohen (Bullish Percent),《金融市場技術分析》 - 約翰・墨菲；《我去年如何交易商品賺進一百萬美元》 - 拉瑞・威廉斯；原文題名：The Ripple Effect of Daily New Lows - 拉瑞・威廉斯；《獲利型態》 - 謝爾曼・麥克萊倫；《獲利型態》 - 瑪麗安・麥克萊倫；原文題名：The Arms Index - 理查・阿姆斯,Technical Analysis of the Financial Markets - John J. Murphy; How I Made One Million Dollars Last Year Trading Commodities - Larry Williams; The Ripple Effect of Daily New Lows - Larry Williams; Patterns for Profit - Sherman McClellan; Patterns for Profit - Marian McClellan; The Arms Index - Richard W. Arms Jr.,20,市場寬度屬於市場寬度，優先研究內德・戴維斯，再用其他專家資料交叉驗證。,Market Breadth belongs to Market Breadth; start with Ned Davis and use other experts for cross-checking.
can-slim,CAN SLIM,CAN SLIM,stock_selection,股票選股,Stock Selection,1,威廉・歐尼爾,William J. O'Neil,無直接補充專家；目前資料庫只收錄一位核心專家,No direct runner-up; current database maps one core expert only,威廉・歐尼爾是目前資料庫中唯一對應「CAN SLIM」的核心專家。,William J. O'Neil is the only expert currently mapped to CAN SLIM in this database.,威廉・歐尼爾（創始者）,William J. O'Neil (creator),《如何在股票中賺錢》 - 威廉・歐尼爾,How to Make Money in Stocks - William J. O'Neil,1,CAN SLIM屬於股票選股，優先研究威廉・歐尼爾，再用其他專家資料交叉驗證。,CAN SLIM belongs to Stock Selection; start with William J. O'Neil and use other experts for cross-checking.
candlestick,K 線 / 蠟燭圖,Candlestick Charting,charting,圖表分析,Charting,3,史蒂夫・尼森,Steve Nison,湯瑪斯・布考斯基、本間宗久,Thomas N. Bulkowski / Munehisa Homma,史蒂夫・尼森優勝，因其在原創性、專屬性與資料覆蓋上最強；主要對照者為湯瑪斯・布考斯基、本間宗久。,"Steve Nison wins because of the strongest mix of originality, specificity, and evidence coverage; main comparison: Thomas N. Bulkowski / Munehisa Homma.",史蒂夫・尼森（西方推廣者）；湯瑪斯・布考斯基（型態統計）；本間宗久（歷史源流）,Steve Nison (Western popularizer); Thomas N. Bulkowski (pattern statistics); Munehisa Homma (historical origin),《日本蠟燭圖技術》 - 史蒂夫・尼森；原文題名：Sakata Rules - 本間宗久；《圖表型態百科全書》 - 湯瑪斯・布考斯基,Japanese Candlestick Charting Techniques - Steve Nison; Sakata Rules - Munehisa Homma; Encyclopedia of Chart Patterns - Thomas N. Bulkowski,3,K 線 / 蠟燭圖屬於圖表分析，優先研究史蒂夫・尼森，再用其他專家資料交叉驗證。,Candlestick Charting belongs to Charting; start with Steve Nison and use other experts for cross-checking.
cci,CCI 商品通道指標,Commodity Channel Index,momentum,動量指標,Momentum,1,唐納德・蘭伯特,Donald R. Lambert,無直接補充專家；目前資料庫只收錄一位核心專家,No direct runner-up; current database maps one core expert only,唐納德・蘭伯特是目前資料庫中唯一對應「CCI 商品通道指標」的核心專家。,Donald R. Lambert is the only expert currently mapped to Commodity Channel Index in this database.,唐納德・蘭伯特（創始者）,Donald R. Lambert (creator),原文題名：Commodity Channel Index - 唐納德・蘭伯特,Commodity Channel Index - Donald R. Lambert,1,CCI 商品通道指標屬於動量指標，優先研究唐納德・蘭伯特，再用其他專家資料交叉驗證。,Commodity Channel Index belongs to Momentum; start with Donald R. Lambert and use other experts for cross-checking.
chaikin-money-flow,Chaikin 資金流,Chaikin Money Flow,volume,成交量與資金流,Volume and Money Flow,1,馬克・柴金,Marc Chaikin,無直接補充專家；目前資料庫只收錄一位核心專家,No direct runner-up; current database maps one core expert only,馬克・柴金是目前資料庫中唯一對應「Chaikin 資金流」的核心專家。,Marc Chaikin is the only expert currently mapped to Chaikin Money Flow in this database.,馬克・柴金（創始者）,Marc Chaikin (creator),原文題名：Chaikin Money Flow - 馬克・柴金,Chaikin Money Flow - Marc Chaikin,1,Chaikin 資金流屬於成交量與資金流，優先研究馬克・柴金，再用其他專家資料交叉驗證。,Chaikin Money Flow belongs to Volume and Money Flow; start with Marc Chaikin and use other experts for cross-checking.
chart-patterns,圖表型態,Chart Patterns,charting,圖表分析,Charting,12,湯瑪斯・布考斯基,Thomas N. Bulkowski,茱莉・達爾奎斯特、羅伯特・愛德華茲,Julie R. Dahlquist / Robert D. Edwards,湯瑪斯・布考斯基優勝，因其在原創性、專屬性與資料覆蓋上最強；主要對照者為茱莉・達爾奎斯特、羅伯特・愛德華茲。,"Thomas N. Bulkowski wins because of the strongest mix of originality, specificity, and evidence coverage; main comparison: Julie R. Dahlquist / Robert D. Edwards.",湯瑪斯・布考斯基（統計研究者）；茱莉・達爾奎斯特（教材作者）；羅伯特・愛德華茲（經典教材作者）；約翰・麥基（經典教材作者）；傑克・施瓦格（教材作者）；約翰・墨菲（教材作者）；理查・沙巴克（早期系統化作者）；安德魯・羅（計算型型態識別）；亞瑟・梅里爾（M/W 型態）；史蒂夫・尼森（K 線型態）；拉爾夫・阿坎波拉（教育者）；尼古拉斯・達瓦斯（箱型理論）,Thomas N. Bulkowski (statistical researcher); Julie R. Dahlquist (textbook author); Robert D. Edwards (classic textbook author); John Magee (classic textbook author); Jack D. Schwager (textbook author); John J. Murphy (textbook author); Richard W. Schabacker (early systematizing author); Andrew W. Lo (computational pattern recognition); Arthur A. Merrill (M/W patterns); Steve Nison (candlestick patterns); Ralph Acampora (educator); Nicolas Darvas (box theory),《技術分析與股市獲利》 - 理查・沙巴克；《股票趨勢技術分析》 - 羅伯特・愛德華茲；《股票趨勢技術分析》 - 約翰・麥基；《金融市場技術分析》 - 約翰・墨菲；《技術分析入門》 - 傑克・施瓦格；原文題名：Market Wizards - 傑克・施瓦格,Technical Analysis and Stock Market Profits - Richard W. Schabacker; Technical Analysis of Stock Trends - Robert D. Edwards; Technical Analysis of Stock Trends - John Magee; Technical Analysis of the Financial Markets - John J. Murphy; Getting Started in Technical Analysis - Jack D. Schwager; Market Wizards - Jack D. Schwager,16,圖表型態屬於圖表分析，優先研究湯瑪斯・布考斯基，再用其他專家資料交叉驗證。,Chart Patterns belongs to Charting; start with Thomas N. Bulkowski and use other experts for cross-checking.
cmo,Chande 動量震盪器,Chande Momentum Oscillator,momentum,動量指標,Momentum,1,圖沙・昌德,Tushar S. Chande,無直接補充專家；目前資料庫只收錄一位核心專家,No direct runner-up; current database maps one core expert only,圖沙・昌德是目前資料庫中唯一對應「Chande 動量震盪器」的核心專家。,Tushar S. Chande is the only expert currently mapped to Chande Momentum Oscillator in this database.,圖沙・昌德（創始者）,Tushar S. Chande (creator),《新技術交易者》 - 圖沙・昌德,The New Technical Trader - Tushar S. Chande,1,Chande 動量震盪器屬於動量指標，優先研究圖沙・昌德，再用其他專家資料交叉驗證。,Chande Momentum Oscillator belongs to Momentum; start with Tushar S. Chande and use other experts for cross-checking.
connors-rsi,Connors RSI,ConnorsRSI,momentum,動量指標,Momentum,1,拉倫斯・康納斯,Laurence A. Connors,無直接補充專家；目前資料庫只收錄一位核心專家,No direct runner-up; current database maps one core expert only,拉倫斯・康納斯是目前資料庫中唯一對應「Connors RSI」的核心專家。,Laurence A. Connors is the only expert currently mapped to ConnorsRSI in this database.,拉倫斯・康納斯（創始者）,Laurence A. Connors (creator),《街頭智慧交易策略》 - 拉倫斯・康納斯；《有效的短線交易策略》 - 拉倫斯・康納斯；原文題名：ConnorsRSI - 拉倫斯・康納斯,Street Smarts - Laurence A. Connors; Short Term Trading Strategies That Work - Laurence A. Connors; ConnorsRSI - Laurence A. Connors,3,Connors RSI屬於動量指標，優先研究拉倫斯・康納斯，再用其他專家資料交叉驗證。,ConnorsRSI belongs to Momentum; start with Laurence A. Connors and use other experts for cross-checking.
coppock-curve,Coppock 曲線,Coppock Curve,momentum,動量指標,Momentum,1,艾德溫・科波克,Edwin S. Coppock,無直接補充專家；目前資料庫只收錄一位核心專家,No direct runner-up; current database maps one core expert only,艾德溫・科波克是目前資料庫中唯一對應「Coppock 曲線」的核心專家。,Edwin S. Coppock is the only expert currently mapped to Coppock Curve in this database.,艾德溫・科波克（創始者）,Edwin S. Coppock (creator),原文題名：Coppock Curve - 艾德溫・科波克,Coppock Curve - Edwin S. Coppock,1,Coppock 曲線屬於動量指標，優先研究艾德溫・科波克，再用其他專家資料交叉驗證。,Coppock Curve belongs to Momentum; start with Edwin S. Coppock and use other experts for cross-checking.
cup-with-handle,杯柄形態,Cup With Handle,charting,圖表分析,Charting,2,威廉・歐尼爾,William J. O'Neil,馬克・米勒維尼,Mark Minervini,威廉・歐尼爾優勝，因其在原創性、專屬性與資料覆蓋上最強；主要對照者為馬克・米勒維尼。,"William J. O'Neil wins because of the strongest mix of originality, specificity, and evidence coverage; main comparison: Mark Minervini.",威廉・歐尼爾（推廣/定義者）；馬克・米勒維尼（成長股型態）,William J. O'Neil (promoter/definer); Mark Minervini (growth-stock pattern work),《如何在股票中賺錢》 - 威廉・歐尼爾；《像股市魔法師一樣交易》 - 馬克・米勒維尼；《像冠軍一樣思考與交易》 - 馬克・米勒維尼,How to Make Money in Stocks - William J. O'Neil; Trade Like a Stock Market Wizard - Mark Minervini; Think and Trade Like a Champion - Mark Minervini,3,杯柄形態屬於圖表分析，優先研究威廉・歐尼爾，再用其他專家資料交叉驗證。,Cup With Handle belongs to Charting; start with William J. O'Neil and use other experts for cross-checking.
cycle-analysis,週期分析,Cycle Analysis,cycle,週期分析,Cycle Analysis,6,約翰・艾勒斯,John F. Ehlers,威廉・江恩、拉爾夫・尼爾森・艾略特,W. D. Gann / Ralph Nelson Elliott,約翰・艾勒斯優勝，因其在原創性、專屬性與資料覆蓋上最強；主要對照者為威廉・江恩、拉爾夫・尼爾森・艾略特。,"John F. Ehlers wins because of the strongest mix of originality, specificity, and evidence coverage; main comparison: W. D. Gann / Ralph Nelson Elliott.",約翰・艾勒斯（DSP 週期分析）；威廉・江恩（週期分析）；拉爾夫・尼爾森・艾略特（市場循環）；唐納德・蘭伯特（商品週期）；亞瑟・梅里爾（Filtered Waves）；馬丁・普林格（景氣/市場循環）,John F. Ehlers (DSP cycle analysis); W. D. Gann (cycle analysis); Ralph Nelson Elliott (market cycles); Donald R. Lambert (commodity cycles); Arthur A. Merrill (Filtered Waves); Martin J. Pring (business/market cycles),《股市讀帶真相》 - 威廉・江恩；《華爾街四十五年》 - 威廉・江恩；《波浪原理》 - 拉爾夫・尼爾森・艾略特；《技術分析詳解》 - 馬丁・普林格；原文題名：Commodity Channel Index - 唐納德・蘭伯特；《交易者的火箭科學》 - 約翰・艾勒斯,Truth of the Stock Tape - W. D. Gann; 45 Years in Wall Street - W. D. Gann; The Wave Principle - Ralph Nelson Elliott; Technical Analysis Explained - Martin J. Pring; Commodity Channel Index - Donald R. Lambert; Rocket Science for Traders - John F. Ehlers,9,週期分析屬於週期分析，優先研究約翰・艾勒斯，再用其他專家資料交叉驗證。,Cycle Analysis belongs to Cycle Analysis; start with John F. Ehlers and use other experts for cross-checking.
demark-indicators,DeMark 指標,DeMARK Indicators,market_timing,市場時機,Market Timing,1,湯姆・迪馬克,Tom DeMark,無直接補充專家；目前資料庫只收錄一位核心專家,No direct runner-up; current database maps one core expert only,湯姆・迪馬克是目前資料庫中唯一對應「DeMark 指標」的核心專家。,Tom DeMark is the only expert currently mapped to DeMARK Indicators in this database.,湯姆・迪馬克（創始者）,Tom DeMark (creator),《技術分析新科學》 - 湯姆・迪馬克；原文題名：DeMARK Indicators - 湯姆・迪馬克,The New Science of Technical Analysis - Tom DeMark; DeMARK Indicators - Tom DeMark,2,DeMark 指標屬於市場時機，優先研究湯姆・迪馬克，再用其他專家資料交叉驗證。,DeMARK Indicators belongs to Market Timing; start with Tom DeMark and use other experts for cross-checking.
donchian-channel,唐奇安通道,Donchian Channel,trend,趨勢分析,Trend Analysis,1,理查・唐奇安,Richard Donchian,無直接補充專家；目前資料庫只收錄一位核心專家,No direct runner-up; current database maps one core expert only,理查・唐奇安是目前資料庫中唯一對應「唐奇安通道」的核心專家。,Richard Donchian is the only expert currently mapped to Donchian Channel in this database.,理查・唐奇安（創始者）,Richard Donchian (creator),原文題名：Commodity Trend Timing - 理查・唐奇安,Commodity Trend Timing - Richard Donchian,1,唐奇安通道屬於趨勢分析，優先研究理查・唐奇安，再用其他專家資料交叉驗證。,Donchian Channel belongs to Trend Analysis; start with Richard Donchian and use other experts for cross-checking.
dow-theory,道氏理論,Dow Theory,foundation,技術分析基礎理論,Foundations,7,查爾斯・道,Charles H. Dow,威廉・彼得・漢密爾頓、羅伯特・里亞,William Peter Hamilton / Robert Rhea,查爾斯・道優勝，因其在原創性、專屬性與資料覆蓋上最強；主要對照者為威廉・彼得・漢密爾頓、羅伯特・里亞。,"Charles H. Dow wins because of the strongest mix of originality, specificity, and evidence coverage; main comparison: William Peter Hamilton / Robert Rhea.",查爾斯・道（奠基者）；威廉・彼得・漢密爾頓（主要詮釋者）；羅伯特・里亞（系統化整理者）；查爾斯・柯克派翠克二世（Dow Award 研究）；保羅・德斯蒙德（Dow Award 得主）；理查・羅素（長期推廣者）；拉爾夫・阿坎波拉（市場技術史）,Charles H. Dow (founder); William Peter Hamilton (principal interpreter); Robert Rhea (systematizer); Charles D. Kirkpatrick II (Dow Award research); Paul Desmond (Dow Award winner); Richard Russell (long-term promoter); Ralph Acampora (technical market history),《華爾街日報》市場平均指數評論 - 查爾斯・道；《股票市場晴雨表》 - 威廉・彼得・漢密爾頓；《道氏理論》 - 羅伯特・里亞；《技術分析：金融市場技術分析師完整資源》 - 查爾斯・柯克派翠克二世；原文題名：Stock Selection: A Test of Relative Stock Values Reported Over 17 1/2 Years - 查爾斯・柯克派翠克二世；《第四次超級市場》 - 拉爾夫・阿坎波拉,Wall Street Journal editorials on market averages - Charles H. Dow; The Stock Market Barometer - William Peter Hamilton; The Dow Theory - Robert Rhea; Technical Analysis: The Complete Resource for Financial Market Technicians - Charles D. Kirkpatrick II; Stock Selection: A Test of Relative Stock Values Reported Over 17 1/2 Years - Charles D. Kirkpatrick II; The Fourth Mega-Market - Ralph Acampora,8,道氏理論屬於技術分析基礎理論，優先研究查爾斯・道，再用其他專家資料交叉驗證。,Dow Theory belongs to Foundations; start with Charles H. Dow and use other experts for cross-checking.
ehlers-filters,Ehlers 濾波器,Ehlers Filters,cycle,週期分析,Cycle Analysis,1,約翰・艾勒斯,John F. Ehlers,無直接補充專家；目前資料庫只收錄一位核心專家,No direct runner-up; current database maps one core expert only,約翰・艾勒斯是目前資料庫中唯一對應「Ehlers 濾波器」的核心專家。,John F. Ehlers is the only expert currently mapped to Ehlers Filters in this database.,約翰・艾勒斯（濾波器）,John F. Ehlers (filters),《交易者的火箭科學》 - 約翰・艾勒斯；《股票與期貨控制論分析》 - 約翰・艾勒斯,Rocket Science for Traders - John F. Ehlers; Cybernetic Analysis for Stocks and Futures - John F. Ehlers,2,Ehlers 濾波器屬於週期分析，優先研究約翰・艾勒斯，再用其他專家資料交叉驗證。,Ehlers Filters belongs to Cycle Analysis; start with John F. Ehlers and use other experts for cross-checking.
elder-ray,Elder-Ray,Elder-Ray Index,momentum,動量指標,Momentum,1,亞歷山大・艾爾德,Alexander Elder,無直接補充專家；目前資料庫只收錄一位核心專家,No direct runner-up; current database maps one core expert only,亞歷山大・艾爾德是目前資料庫中唯一對應「Elder-Ray」的核心專家。,Alexander Elder is the only expert currently mapped to Elder-Ray Index in this database.,亞歷山大・艾爾德（創始者）,Alexander Elder (creator),《以交易為生》 - 亞歷山大・艾爾德,Trading for a Living - Alexander Elder,1,Elder-Ray屬於動量指標，優先研究亞歷山大・艾爾德，再用其他專家資料交叉驗證。,Elder-Ray Index belongs to Momentum; start with Alexander Elder and use other experts for cross-checking.
elliott-wave,艾略特波浪,Elliott Wave,wave,波浪理論,Wave Analysis,6,拉爾夫・尼爾森・艾略特,Ralph Nelson Elliott,羅伯特・普萊切特、A・J・佛羅斯特,Robert Prechter / A. J. Frost,拉爾夫・尼爾森・艾略特優勝，因其在原創性、專屬性與資料覆蓋上最強；主要對照者為羅伯特・普萊切特、A・J・佛羅斯特。,"Ralph Nelson Elliott wins because of the strongest mix of originality, specificity, and evidence coverage; main comparison: Robert Prechter / A. J. Frost.",拉爾夫・尼爾森・艾略特（創始者）；羅伯特・普萊切特（推廣者/作者）；A・J・佛羅斯特（經典教材共同作者）；格倫・尼利（規則化作者）；羅伯特・邁納（波浪/時間價格）；卡洛琳・波羅登（波浪/時間）,Ralph Nelson Elliott (creator); Robert Prechter (promoter/author); A. J. Frost (classic textbook co-author); Glenn Neely (規則化作者); Robert C. Miner (wave/time-price work); Carolyn Boroden (wave and timing work),《波浪原理》 - 拉爾夫・尼爾森・艾略特；《艾略特波浪原理》 - 羅伯特・普萊切特；《艾略特波浪原理》 - A・J・佛羅斯特；《精通艾略特波浪》 - 格倫・尼利；《動態交易》 - 羅伯特・邁納；《費波納契交易》 - 卡洛琳・波羅登,The Wave Principle - Ralph Nelson Elliott; Elliott Wave Principle - Robert Prechter; Elliott Wave Principle - A. J. Frost; Mastering Elliott Wave - Glenn Neely; Dynamic Trading - Robert C. Miner; Fibonacci Trading - Carolyn Boroden,6,艾略特波浪屬於波浪理論，優先研究拉爾夫・尼爾森・艾略特，再用其他專家資料交叉驗證。,Elliott Wave belongs to Wave Analysis; start with Ralph Nelson Elliott and use other experts for cross-checking.
evidence-based-ta,實證技術分析,Evidence-Based Technical Analysis,research,實證研究與回測,Research and Backtesting,12,大衛・阿隆森,David Aronson,安德魯・羅、巴夫・多米爾,Andrew W. Lo / Buff Dormeier,大衛・阿隆森優勝，因其在原創性、專屬性與資料覆蓋上最強；主要對照者為安德魯・羅、巴夫・多米爾。,"David Aronson wins because of the strongest mix of originality, specificity, and evidence coverage; main comparison: Andrew W. Lo / Buff Dormeier.",大衛・阿隆森（代表作者）；安德魯・羅（學術研究）；巴夫・多米爾（Dow Award 研究）；茱莉・達爾奎斯特（研究者）；拉爾夫・文斯（統計研究）；內德・戴維斯（量化市場研究）；傑森・戈普弗特（歷史統計）；康斯坦絲・布朗（指標組合）；霍華德・班迪（統計分析）；羅伯特・帕多（樣本外驗證）；羅伯特・科爾比（指標彙整）；穆雷・魯傑羅（量化規則）,David Aronson (代表作者); Andrew W. Lo (academic research); Buff Dormeier (Dow Award research); Julie R. Dahlquist (researcher); Ralph Vince (statistical research); Ned Davis (quantitative market research); Jason Goepfert (historical statistics); Constance Brown (indicator combination); Howard Bandy (statistical analysis); Robert Pardo (out-of-sample validation); Robert W. Colby (indicator compendium); Murray A. Ruggiero Jr. (quantitative rules),《技術分析：金融市場技術分析師完整資源》 - 茱莉・達爾奎斯特；原文題名：Analyzing Gaps for Profitable Trading Strategies - 茱莉・達爾奎斯特；《技術市場指標百科全書》 - 羅伯特・科爾比；《專業交易者技術分析》 - 康斯坦絲・布朗；《控制論交易策略》 - 穆雷・魯傑羅；《交易系統設計、測試與最佳化》 - 羅伯特・帕多,"Technical Analysis: The Complete Resource for Financial Market Technicians - Julie R. Dahlquist; Analyzing Gaps for Profitable Trading Strategies - Julie R. Dahlquist; The Encyclopedia of Technical Market Indicators - Robert W. Colby; Technical Analysis for the Trading Professional - Constance Brown; Cybernetic Trading Strategies - Murray A. Ruggiero Jr.; Design, Testing, and Optimization of Trading Systems - Robert Pardo",18,實證技術分析屬於實證研究與回測，優先研究大衛・阿隆森，再用其他專家資料交叉驗證。,Evidence-Based Technical Analysis belongs to Research and Backtesting; start with David Aronson and use other experts for cross-checking.
fibonacci,費波納契時間/價格,Fibonacci Time and Price,support_resistance,支撐阻力,Support and Resistance,3,喬・迪納波利,Joe DiNapoli,卡洛琳・波羅登、羅伯特・邁納,Carolyn Boroden / Robert C. Miner,喬・迪納波利優勝，因其在原創性、專屬性與資料覆蓋上最強；主要對照者為卡洛琳・波羅登、羅伯特・邁納。,"Joe DiNapoli wins because of the strongest mix of originality, specificity, and evidence coverage; main comparison: Carolyn Boroden / Robert C. Miner.",喬・迪納波利（DiNapoli Levels）；卡洛琳・波羅登（時間價格專家）；羅伯特・邁納（時間價格）,Joe DiNapoli (DiNapoli Levels); Carolyn Boroden (time-price specialist); Robert C. Miner (time and price analysis),《動態交易》 - 羅伯特・邁納；《費波納契交易》 - 卡洛琳・波羅登；《DiNapoli 水平》 - 喬・迪納波利,Dynamic Trading - Robert C. Miner; Fibonacci Trading - Carolyn Boroden; DiNapoli Levels - Joe DiNapoli,3,費波納契時間/價格屬於支撐阻力，優先研究喬・迪納波利，再用其他專家資料交叉驗證。,Fibonacci Time and Price belongs to Support and Resistance; start with Joe DiNapoli and use other experts for cross-checking.
force-index,Force Index,Force Index,volume,成交量與資金流,Volume and Money Flow,1,亞歷山大・艾爾德,Alexander Elder,無直接補充專家；目前資料庫只收錄一位核心專家,No direct runner-up; current database maps one core expert only,亞歷山大・艾爾德是目前資料庫中唯一對應「Force Index」的核心專家。,Alexander Elder is the only expert currently mapped to Force Index in this database.,亞歷山大・艾爾德（創始者）,Alexander Elder (creator),《以交易為生》 - 亞歷山大・艾爾德,Trading for a Living - Alexander Elder,1,Force Index屬於成交量與資金流，優先研究亞歷山大・艾爾德，再用其他專家資料交叉驗證。,Force Index belongs to Volume and Money Flow; start with Alexander Elder and use other experts for cross-checking.
gann,江恩理論,Gann Methods,cycle,週期分析,Cycle Analysis,1,威廉・江恩,W. D. Gann,無直接補充專家；目前資料庫只收錄一位核心專家,No direct runner-up; current database maps one core expert only,威廉・江恩是目前資料庫中唯一對應「江恩理論」的核心專家。,W. D. Gann is the only expert currently mapped to Gann Methods in this database.,威廉・江恩（創始者）,W. D. Gann (creator),《股市讀帶真相》 - 威廉・江恩；《華爾街四十五年》 - 威廉・江恩,Truth of the Stock Tape - W. D. Gann; 45 Years in Wall Street - W. D. Gann,2,江恩理論屬於週期分析，優先研究威廉・江恩，再用其他專家資料交叉驗證。,Gann Methods belongs to Cycle Analysis; start with W. D. Gann and use other experts for cross-checking.
guppy-mma,Guppy 多重移動平均,Guppy Multiple Moving Average,trend,趨勢分析,Trend Analysis,1,達利・古比,Daryl Guppy,無直接補充專家；目前資料庫只收錄一位核心專家,No direct runner-up; current database maps one core expert only,達利・古比是目前資料庫中唯一對應「Guppy 多重移動平均」的核心專家。,Daryl Guppy is the only expert currently mapped to Guppy Multiple Moving Average in this database.,達利・古比（創始者）,Daryl Guppy (creator),《交易戰術》 - 達利・古比,Trading Tactics - Daryl Guppy,1,Guppy 多重移動平均屬於趨勢分析，優先研究達利・古比，再用其他專家資料交叉驗證。,Guppy Multiple Moving Average belongs to Trend Analysis; start with Daryl Guppy and use other experts for cross-checking.
hull-ma,Hull 移動平均,Hull Moving Average,trend,趨勢分析,Trend Analysis,1,艾倫・霍爾,Alan Hull,無直接補充專家；目前資料庫只收錄一位核心專家,No direct runner-up; current database maps one core expert only,艾倫・霍爾是目前資料庫中唯一對應「Hull 移動平均」的核心專家。,Alan Hull is the only expert currently mapped to Hull Moving Average in this database.,艾倫・霍爾（創始者）,Alan Hull (creator),原文題名：Hull Moving Average - 艾倫・霍爾,Hull Moving Average - Alan Hull,1,Hull 移動平均屬於趨勢分析，優先研究艾倫・霍爾，再用其他專家資料交叉驗證。,Hull Moving Average belongs to Trend Analysis; start with Alan Hull and use other experts for cross-checking.
ichimoku,一目均衡表,Ichimoku Kinko Hyo,trend,趨勢分析,Trend Analysis,1,細田悟一,Goichi Hosoda,無直接補充專家；目前資料庫只收錄一位核心專家,No direct runner-up; current database maps one core expert only,細田悟一是目前資料庫中唯一對應「一目均衡表」的核心專家。,Goichi Hosoda is the only expert currently mapped to Ichimoku Kinko Hyo in this database.,細田悟一（創始者）,Goichi Hosoda (creator),《一目均衡表》 - 細田悟一,Ichimoku Kinko Hyo - Goichi Hosoda,1,一目均衡表屬於趨勢分析，優先研究細田悟一，再用其他專家資料交叉驗證。,Ichimoku Kinko Hyo belongs to Trend Analysis; start with Goichi Hosoda and use other experts for cross-checking.
kama,KAMA 考夫曼自適應均線,Kaufman Adaptive Moving Average,trend,趨勢分析,Trend Analysis,1,佩里・考夫曼,Perry J. Kaufman,無直接補充專家；目前資料庫只收錄一位核心專家,No direct runner-up; current database maps one core expert only,佩里・考夫曼是目前資料庫中唯一對應「KAMA 考夫曼自適應均線」的核心專家。,Perry J. Kaufman is the only expert currently mapped to Kaufman Adaptive Moving Average in this database.,佩里・考夫曼（創始者）,Perry J. Kaufman (creator),《交易系統與方法》 - 佩里・考夫曼；《更聰明的交易》 - 佩里・考夫曼,Trading Systems and Methods - Perry J. Kaufman; Smarter Trading - Perry J. Kaufman,2,KAMA 考夫曼自適應均線屬於趨勢分析，優先研究佩里・考夫曼，再用其他專家資料交叉驗證。,Kaufman Adaptive Moving Average belongs to Trend Analysis; start with Perry J. Kaufman and use other experts for cross-checking.
macd,MACD,Moving Average Convergence/Divergence,momentum,動量指標,Momentum,2,傑拉德・阿佩爾,Gerald Appel,亞歷克斯・斯皮羅格魯,Alex Spiroglou,傑拉德・阿佩爾優勝，因其在原創性、專屬性與資料覆蓋上最強；主要對照者為亞歷克斯・斯皮羅格魯。,"Gerald Appel wins because of the strongest mix of originality, specificity, and evidence coverage; main comparison: Alex Spiroglou.",傑拉德・阿佩爾（創始者）；亞歷克斯・斯皮羅格魯（MACD-V）,Gerald Appel (creator); Alex Spiroglou (MACD-V),《技術分析：主動投資者的強力工具》 - 傑拉德・阿佩爾；原文題名：MACD-V: Volatility Normalised Momentum - 亞歷克斯・斯皮羅格魯,Technical Analysis: Power Tools for Active Investors - Gerald Appel; MACD-V: Volatility Normalised Momentum - Alex Spiroglou,2,MACD屬於動量指標，優先研究傑拉德・阿佩爾，再用其他專家資料交叉驗證。,Moving Average Convergence/Divergence belongs to Momentum; start with Gerald Appel and use other experts for cross-checking.
market-profile,Market Profile,Market Profile,auction_market,拍賣市場,Auction Market,2,彼得・史戴梅爾,J. Peter Steidlmayer,詹姆斯・道爾頓,James F. Dalton,彼得・史戴梅爾優勝，因其在原創性、專屬性與資料覆蓋上最強；主要對照者為詹姆斯・道爾頓。,"J. Peter Steidlmayer wins because of the strongest mix of originality, specificity, and evidence coverage; main comparison: James F. Dalton.",彼得・史戴梅爾（創始者）；詹姆斯・道爾頓（推廣者/作者）,J. Peter Steidlmayer (creator); James F. Dalton (promoter/author),《市場與市場邏輯》 - 彼得・史戴梅爾；《史戴梅爾談市場》 - 彼得・史戴梅爾；《市場之上》 - 詹姆斯・道爾頓；《市場輪廓》 - 詹姆斯・道爾頓,Markets and Market Logic - J. Peter Steidlmayer; Steidlmayer on Markets - J. Peter Steidlmayer; Mind Over Markets - James F. Dalton; Markets in Profile - James F. Dalton,4,Market Profile屬於拍賣市場，優先研究彼得・史戴梅爾，再用其他專家資料交叉驗證。,Market Profile belongs to Auction Market; start with J. Peter Steidlmayer and use other experts for cross-checking.
market_timing,市場時機,Market Timing,market_timing,市場時機,Market Timing,1,湯姆・迪馬克,Tom DeMark,無直接補充專家；目前資料庫只收錄一位核心專家,No direct runner-up; current database maps one core expert only,湯姆・迪馬克是目前資料庫中唯一對應「市場時機」的核心專家。,Tom DeMark is the only expert currently mapped to Market Timing in this database.,湯姆・迪馬克（市場時機）,Tom DeMark (market timing),《技術分析新科學》 - 湯姆・迪馬克；原文題名：DeMARK Indicators - 湯姆・迪馬克,The New Science of Technical Analysis - Tom DeMark; DeMARK Indicators - Tom DeMark,2,市場時機屬於市場時機，優先研究湯姆・迪馬克，再用其他專家資料交叉驗證。,Market Timing belongs to Market Timing; start with Tom DeMark and use other experts for cross-checking.
mcclellan-oscillator,McClellan Oscillator,McClellan Oscillator,breadth,市場寬度,Market Breadth,2,謝爾曼・麥克萊倫、瑪麗安・麥克萊倫,Sherman McClellan / Marian McClellan,共同核心專家；不另設補充角色,Joint core experts; no separate runner-up assigned,謝爾曼・麥克萊倫、瑪麗安・麥克萊倫並列優勝；此指標/方法屬共同創作或共同權威，應並讀其資料。,Sherman McClellan / Marian McClellan are joint winners; this indicator/method is best treated as a shared authority.,謝爾曼・麥克萊倫（共同創始者）；瑪麗安・麥克萊倫（共同創始者）,Sherman McClellan (co-creator); Marian McClellan (co-creator),《獲利型態》 - 謝爾曼・麥克萊倫；《獲利型態》 - 瑪麗安・麥克萊倫,Patterns for Profit - Sherman McClellan; Patterns for Profit - Marian McClellan,2,McClellan Oscillator屬於市場寬度，優先研究謝爾曼・麥克萊倫、瑪麗安・麥克萊倫，再用其他專家資料交叉驗證。,McClellan Oscillator belongs to Market Breadth; start with Sherman McClellan / Marian McClellan and use other experts for cross-checking.
mcginley-dynamic,McGinley Dynamic,McGinley Dynamic,trend,趨勢分析,Trend Analysis,1,約翰・麥金利,John R. McGinley,無直接補充專家；目前資料庫只收錄一位核心專家,No direct runner-up; current database maps one core expert only,約翰・麥金利是目前資料庫中唯一對應「McGinley Dynamic」的核心專家。,John R. McGinley is the only expert currently mapped to McGinley Dynamic in this database.,約翰・麥金利（創始者）,John R. McGinley (creator),原文題名：McGinley Dynamic - 約翰・麥金利,McGinley Dynamic - John R. McGinley,1,McGinley Dynamic屬於趨勢分析，優先研究約翰・麥金利，再用其他專家資料交叉驗證。,McGinley Dynamic belongs to Trend Analysis; start with John R. McGinley and use other experts for cross-checking.
mfi,MFI 資金流量指標,Money Flow Index,volume,成交量與資金流,Volume and Money Flow,2,金・匡、阿夫魯姆・蘇達克,Gene Quong / Avrum Soudack,共同核心專家；不另設補充角色,Joint core experts; no separate runner-up assigned,金・匡、阿夫魯姆・蘇達克並列優勝；此指標/方法屬共同創作或共同權威，應並讀其資料。,Gene Quong / Avrum Soudack are joint winners; this indicator/method is best treated as a shared authority.,金・匡（共同創始者）；阿夫魯姆・蘇達克（共同創始者）,Gene Quong (co-creator); Avrum Soudack (co-creator),原文題名：Money Flow Index - 金・匡；原文題名：Money Flow Index - 阿夫魯姆・蘇達克,Money Flow Index - Gene Quong; Money Flow Index - Avrum Soudack,2,MFI 資金流量指標屬於成交量與資金流，優先研究金・匡、阿夫魯姆・蘇達克，再用其他專家資料交叉驗證。,Money Flow Index belongs to Volume and Money Flow; start with Gene Quong / Avrum Soudack and use other experts for cross-checking.
momentum,動量,Momentum,momentum,動量指標,Momentum,12,拉瑞・威廉斯,Larry Williams,羅伯特・科爾比、馬丁・普林格,Robert W. Colby / Martin J. Pring,拉瑞・威廉斯優勝，因其在原創性、專屬性與資料覆蓋上最強；主要對照者為羅伯特・科爾比、馬丁・普林格。,"Larry Williams wins because of the strongest mix of originality, specificity, and evidence coverage; main comparison: Robert W. Colby / Martin J. Pring.",拉瑞・威廉斯（短線動量）；羅伯特・科爾比（百科作者）；馬丁・普林格（指標與教材作者）；艾德溫・科波克（長期動量）；亞歷克斯・斯皮羅格魯（動量研究）；喬治・藍恩（動量先行觀念）；史蒂文・阿契利斯（百科作者）；蓋瑞・安東納奇（雙動量）；傑克・哈特森（三重平滑動量）；康斯坦絲・布朗（Composite Index）；羅伯特・邁納（多週期動量）；安德魯・卡德威爾（正/負反轉與區間規則）,Larry Williams (short-term momentum); Robert W. Colby (encyclopedia author); Martin J. Pring (indicator and textbook author); Edwin S. Coppock (long-term momentum); Alex Spiroglou (momentum research); George C. Lane (momentum-leading concept); Steven B. Achelis (encyclopedia author); Gary Antonacci (dual momentum); Jack K. Hutson (triple-smoothed momentum); Constance Brown (Composite Index); Robert C. Miner (multi-timeframe momentum); Andrew Cardwell (positive/negative reversals and range rules),《技術分析詳解》 - 馬丁・普林格；《技術分析 A 到 Z》 - 史蒂文・阿契利斯；《技術市場指標百科全書》 - 羅伯特・科爾比；原文題名：Lane's Stochastics - 喬治・藍恩；《我去年如何交易商品賺進一百萬美元》 - 拉瑞・威廉斯；原文題名：The Ripple Effect of Daily New Lows - 拉瑞・威廉斯,Technical Analysis Explained - Martin J. Pring; Technical Analysis from A to Z - Steven B. Achelis; The Encyclopedia of Technical Market Indicators - Robert W. Colby; Lane's Stochastics - George C. Lane; How I Made One Million Dollars Last Year Trading Commodities - Larry Williams; The Ripple Effect of Daily New Lows - Larry Williams,14,動量屬於動量指標，優先研究拉瑞・威廉斯，再用其他專家資料交叉驗證。,Momentum belongs to Momentum; start with Larry Williams and use other experts for cross-checking.
moving-average,移動平均,Moving Average,trend,趨勢分析,Trend Analysis,8,傑拉德・阿佩爾,Gerald Appel,約翰・墨菲、羅伯特・科爾比,John J. Murphy / Robert W. Colby,傑拉德・阿佩爾優勝，因其在原創性、專屬性與資料覆蓋上最強；主要對照者為約翰・墨菲、羅伯特・科爾比。,"Gerald Appel wins because of the strongest mix of originality, specificity, and evidence coverage; main comparison: John J. Murphy / Robert W. Colby.",傑拉德・阿佩爾（動量均線）；約翰・墨菲（教材作者）；羅伯特・科爾比（百科作者）；約翰・麥金利（自適應平滑）；派翠克・馬洛伊（低滯後均線）；達利・古比（多均線趨勢）；史蒂文・阿契利斯（百科作者）；艾倫・霍爾（低滯後均線）,Gerald Appel (momentum moving average); John J. Murphy (textbook author); Robert W. Colby (encyclopedia author); John R. McGinley (adaptive smoothing); Patrick G. Mulloy (low-lag moving averages); Daryl Guppy (multiple moving-average trend work); Steven B. Achelis (encyclopedia author); Alan Hull (low-lag moving averages),《金融市場技術分析》 - 約翰・墨菲；《技術分析 A 到 Z》 - 史蒂文・阿契利斯；《技術市場指標百科全書》 - 羅伯特・科爾比；《技術分析：主動投資者的強力工具》 - 傑拉德・阿佩爾；《交易戰術》 - 達利・古比；原文題名：Hull Moving Average - 艾倫・霍爾,Technical Analysis of the Financial Markets - John J. Murphy; Technical Analysis from A to Z - Steven B. Achelis; The Encyclopedia of Technical Market Indicators - Robert W. Colby; Technical Analysis: Power Tools for Active Investors - Gerald Appel; Trading Tactics - Daryl Guppy; Hull Moving Average - Alan Hull,8,移動平均屬於趨勢分析，優先研究傑拉德・阿佩爾，再用其他專家資料交叉驗證。,Moving Average belongs to Trend Analysis; start with Gerald Appel and use other experts for cross-checking.
obv,OBV 能量潮,On-Balance Volume,volume,成交量與資金流,Volume and Money Flow,1,約瑟夫・格蘭維爾,Joseph Granville,無直接補充專家；目前資料庫只收錄一位核心專家,No direct runner-up; current database maps one core expert only,約瑟夫・格蘭維爾是目前資料庫中唯一對應「OBV 能量潮」的核心專家。,Joseph Granville is the only expert currently mapped to On-Balance Volume in this database.,約瑟夫・格蘭維爾（創始者）,Joseph Granville (creator),《格蘭維爾股市獲利新鑰》 - 約瑟夫・格蘭維爾,Granville's New Key to Stock Market Profits - Joseph Granville,1,OBV 能量潮屬於成交量與資金流，優先研究約瑟夫・格蘭維爾，再用其他專家資料交叉驗證。,On-Balance Volume belongs to Volume and Money Flow; start with Joseph Granville and use other experts for cross-checking.
opening-range-breakout,開盤區間突破,Opening Range Breakout,breakout,突破交易,Breakout,3,托比・克拉貝爾,Toby Crabel,琳達・布拉德福德・拉什克、馬克・費雪,Linda Bradford Raschke / Mark B. Fisher,托比・克拉貝爾優勝，因其在原創性、專屬性與資料覆蓋上最強；主要對照者為琳達・布拉德福德・拉什克、馬克・費雪。,"Toby Crabel wins because of the strongest mix of originality, specificity, and evidence coverage; main comparison: Linda Bradford Raschke / Mark B. Fisher.",托比・克拉貝爾（代表作者）；琳達・布拉德福德・拉什克（短線策略）；馬克・費雪（開盤區間）,Toby Crabel (代表作者); Linda Bradford Raschke (short-term strategies); Mark B. Fisher (opening range),《街頭智慧交易策略》 - 琳達・布拉德福德・拉什克；《邏輯交易者》 - 馬克・費雪；《短線價格型態與開盤區間突破日內交易》 - 托比・克拉貝爾,Street Smarts - Linda Bradford Raschke; The Logical Trader - Mark B. Fisher; Day Trading with Short Term Price Patterns and Opening Range Breakout - Toby Crabel,3,開盤區間突破屬於突破交易，優先研究托比・克拉貝爾，再用其他專家資料交叉驗證。,Opening Range Breakout belongs to Breakout; start with Toby Crabel and use other experts for cross-checking.
parabolic-sar,Parabolic SAR,Parabolic SAR,trend,趨勢分析,Trend Analysis,1,威爾斯・威爾德,J. Welles Wilder Jr.,無直接補充專家；目前資料庫只收錄一位核心專家,No direct runner-up; current database maps one core expert only,威爾斯・威爾德是目前資料庫中唯一對應「Parabolic SAR」的核心專家。,J. Welles Wilder Jr. is the only expert currently mapped to Parabolic SAR in this database.,威爾斯・威爾德（創始者）,J. Welles Wilder Jr. (creator),《技術交易系統新概念》 - 威爾斯・威爾德,New Concepts in Technical Trading Systems - J. Welles Wilder Jr.,1,Parabolic SAR屬於趨勢分析，優先研究威爾斯・威爾德，再用其他專家資料交叉驗證。,Parabolic SAR belongs to Trend Analysis; start with J. Welles Wilder Jr. and use other experts for cross-checking.
point-and-figure,點數圖,Point and Figure,charting,圖表分析,Charting,3,A・W・科恩,A. W. Cohen,湯瑪斯・多爾西、傑瑞米・杜普萊西斯,Thomas J. Dorsey / Jeremy du Plessis,A・W・科恩優勝，因其在原創性、專屬性與資料覆蓋上最強；主要對照者為湯瑪斯・多爾西、傑瑞米・杜普萊西斯。,"A. W. Cohen wins because of the strongest mix of originality, specificity, and evidence coverage; main comparison: Thomas J. Dorsey / Jeremy du Plessis.",A・W・科恩（3-box reversal 推廣者）；湯瑪斯・多爾西（現代推廣者）；傑瑞米・杜普萊西斯（現代教材作者）,A. W. Cohen (3-box reversal promoter); Thomas J. Dorsey (modern promoter); Jeremy du Plessis (modern textbook author),《如何使用點數圖三點反轉法交易股票》 - A・W・科恩；《點數圖分析》 - 湯瑪斯・多爾西；《點數圖權威指南》 - 傑瑞米・杜普萊西斯；《二十一世紀點數圖》 - 傑瑞米・杜普萊西斯,How to Use the Three-Point Reversal Method of Point & Figure Stock Market Trading - A. W. Cohen; Point & Figure Charting - Thomas J. Dorsey; The Definitive Guide to Point and Figure - Jeremy du Plessis; 21st Century Point and Figure - Jeremy du Plessis,4,點數圖屬於圖表分析，優先研究A・W・科恩，再用其他專家資料交叉驗證。,Point and Figure belongs to Charting; start with A. W. Cohen and use other experts for cross-checking.
price-action,價格行為,Price Action,charting,圖表分析,Charting,11,本間宗久,Munehisa Homma,艾倫・安德魯斯、傑克・施瓦格,Alan Andrews / Jack D. Schwager,本間宗久優勝，因其在原創性、專屬性與資料覆蓋上最強；主要對照者為艾倫・安德魯斯、傑克・施瓦格。,"Munehisa Homma wins because of the strongest mix of originality, specificity, and evidence coverage; main comparison: Alan Andrews / Jack D. Schwager.",本間宗久（市場心理）；艾倫・安德魯斯（擺動點）；傑克・施瓦格（交易者訪談）；琳達・布拉德福德・拉什克（短線交易）；漢弗萊・尼爾（市場心理）；布萊恩・香農（多週期分析）；大衛・韋斯（價格量能）；詹姆斯・道爾頓（拍賣市場邏輯）；托比・克拉貝爾（Narrow Range 型態）；傑西・李佛摩（價格行為）；維克多・斯佩蘭迪奧（2B 型態）,Munehisa Homma (market psychology); Alan Andrews (swing points); Jack D. Schwager (trader interviews); Linda Bradford Raschke (short-term trading); Humphrey B. Neill (market psychology); Brian Shannon (multi-timeframe analysis); David Weis (price and volume action); James F. Dalton (auction-market logic); Toby Crabel (Narrow Range pattern); Jesse Livermore (price action); Victor Sperandeo (2B pattern),《如何交易股票》 - 傑西・李佛摩；《技術分析入門》 - 傑克・施瓦格；原文題名：Market Wizards - 傑克・施瓦格；原文題名：Sakata Rules - 本間宗久；《多時間框架技術分析》 - 布萊恩・香農；《用 Anchored VWAP 提高交易收益》 - 布萊恩・香農,How to Trade in Stocks - Jesse Livermore; Getting Started in Technical Analysis - Jack D. Schwager; Market Wizards - Jack D. Schwager; Sakata Rules - Munehisa Homma; Technical Analysis Using Multiple Timeframes - Brian Shannon; Maximum Trading Gains with Anchored VWAP - Brian Shannon,15,價格行為屬於圖表分析，優先研究本間宗久，再用其他專家資料交叉驗證。,Price Action belongs to Charting; start with Munehisa Homma and use other experts for cross-checking.
relative-strength,相對強弱 / 強勢股篩選,Relative Strength,stock_selection,股票選股,Stock Selection,8,威廉・歐尼爾,William J. O'Neil,查爾斯・柯克派翠克二世、蓋瑞・安東納奇,Charles D. Kirkpatrick II / Gary Antonacci,威廉・歐尼爾優勝，因其在原創性、專屬性與資料覆蓋上最強；主要對照者為查爾斯・柯克派翠克二世、蓋瑞・安東納奇。,"William J. O'Neil wins because of the strongest mix of originality, specificity, and evidence coverage; main comparison: Charles D. Kirkpatrick II / Gary Antonacci.",威廉・歐尼爾（成長股選股）；查爾斯・柯克派翠克二世（研究者）；蓋瑞・安東納奇（相對/絕對動量）；路易絲・山田（機構技術研究）；馬克・米勒維尼（SEPA 強勢股）；史坦・溫斯坦（強勢股）；湯瑪斯・多爾西（P&F 相對強弱）；尼古拉斯・達瓦斯（強勢股）,William J. O'Neil (growth-stock selection); Charles D. Kirkpatrick II (researcher); Gary Antonacci (relative/absolute momentum); Louise Yamada (機構技術研究); Mark Minervini (SEPA relative-strength stocks); Stan Weinstein (relative-strength stocks); Thomas J. Dorsey (P&F relative strength); Nicolas Darvas (relative-strength stocks),《技術分析：金融市場技術分析師完整資源》 - 查爾斯・柯克派翠克二世；原文題名：Stock Selection: A Test of Relative Stock Values Reported Over 17 1/2 Years - 查爾斯・柯克派翠克二世；《市場魔法》 - 路易絲・山田；《牛熊市場獲利祕訣》 - 史坦・溫斯坦；《如何在股票中賺錢》 - 威廉・歐尼爾；《像股市魔法師一樣交易》 - 馬克・米勒維尼,Technical Analysis: The Complete Resource for Financial Market Technicians - Charles D. Kirkpatrick II; Stock Selection: A Test of Relative Stock Values Reported Over 17 1/2 Years - Charles D. Kirkpatrick II; Market Magic: Riding the Greatest Bull Market of the Century - Louise Yamada; Secrets for Profiting in Bull and Bear Markets - Stan Weinstein; How to Make Money in Stocks - William J. O'Neil; Trade Like a Stock Market Wizard - Mark Minervini,11,相對強弱 / 強勢股篩選屬於股票選股，優先研究威廉・歐尼爾，再用其他專家資料交叉驗證。,Relative Strength belongs to Stock Selection; start with William J. O'Neil and use other experts for cross-checking.
risk,風險 / 回撤,Risk / Drawdown,risk,風險與回撤,Risk and Drawdown,2,彼得・馬丁、拜倫・麥肯,Peter G. Martin / Byron McCann,共同核心專家；不另設補充角色,Joint core experts; no separate runner-up assigned,彼得・馬丁、拜倫・麥肯並列優勝；此指標/方法屬共同創作或共同權威，應並讀其資料。,Peter G. Martin / Byron McCann are joint winners; this indicator/method is best treated as a shared authority.,彼得・馬丁（下行風險）；拜倫・麥肯（下行風險）,Peter G. Martin (downside risk); Byron McCann (downside risk),《富達基金投資指南》 - 彼得・馬丁；《富達基金投資指南》 - 拜倫・麥肯,The Investor's Guide to Fidelity Funds - Peter G. Martin; The Investor's Guide to Fidelity Funds - Byron McCann,2,風險 / 回撤屬於風險與回撤，優先研究彼得・馬丁、拜倫・麥肯，再用其他專家資料交叉驗證。,Risk / Drawdown belongs to Risk and Drawdown; start with Peter G. Martin / Byron McCann and use other experts for cross-checking.
rsi,RSI 相對強弱指數,Relative Strength Index,momentum,動量指標,Momentum,5,威爾斯・威爾德,J. Welles Wilder Jr.,拉倫斯・康納斯、康斯坦絲・布朗,Laurence A. Connors / Constance Brown,威爾斯・威爾德優勝，因其在原創性、專屬性與資料覆蓋上最強；主要對照者為拉倫斯・康納斯、康斯坦絲・布朗。,"J. Welles Wilder Jr. wins because of the strongest mix of originality, specificity, and evidence coverage; main comparison: Laurence A. Connors / Constance Brown.",威爾斯・威爾德（創始者）；拉倫斯・康納斯（短線改良）；康斯坦絲・布朗（進階詮釋者）；安德魯・卡德威爾（進階詮釋者）；傑瑞米・杜普萊西斯（P&F 結合指標）,J. Welles Wilder Jr. (creator); Laurence A. Connors (short-term modification); Constance Brown (advanced interpreter); Andrew Cardwell (advanced interpreter); Jeremy du Plessis (P&F-integrated indicator work),《技術交易系統新概念》 - 威爾斯・威爾德；《街頭智慧交易策略》 - 拉倫斯・康納斯；《有效的短線交易策略》 - 拉倫斯・康納斯；原文題名：ConnorsRSI - 拉倫斯・康納斯；原文題名：Cardwell RSI Positive/Negative Reversals - 安德魯・卡德威爾；《專業交易者技術分析》 - 康斯坦絲・布朗,New Concepts in Technical Trading Systems - J. Welles Wilder Jr.; Street Smarts - Laurence A. Connors; Short Term Trading Strategies That Work - Laurence A. Connors; ConnorsRSI - Laurence A. Connors; Cardwell RSI Positive/Negative Reversals - Andrew Cardwell; Technical Analysis for the Trading Professional - Constance Brown,8,RSI 相對強弱指數屬於動量指標，優先研究威爾斯・威爾德，再用其他專家資料交叉驗證。,Relative Strength Index belongs to Momentum; start with J. Welles Wilder Jr. and use other experts for cross-checking.
sentiment,市場情緒,Sentiment,sentiment,市場情緒,Sentiment,8,傑森・戈普弗特,Jason Goepfert,內德・戴維斯、艾德森・古爾德,Ned Davis / Edson Gould,傑森・戈普弗特優勝，因其在原創性、專屬性與資料覆蓋上最強；主要對照者為內德・戴維斯、艾德森・古爾德。,"Jason Goepfert wins because of the strongest mix of originality, specificity, and evidence coverage; main comparison: Ned Davis / Edson Gould.",傑森・戈普弗特（情緒指標）；內德・戴維斯（情緒模型）；艾德森・古爾德（情緒/心理指標）；安德魯・思拉舍（市場警訊）；羅伯特・普萊切特（社會情緒與市場）；華特・迪默（市場心理）；保羅・德斯蒙德（市場底部）；漢弗萊・尼爾（逆向思考）,Jason Goepfert (sentiment indicators); Ned Davis (sentiment models); Edson Gould (sentiment/psychology indicators); Andrew Thrasher (market warning signals); Robert Prechter (social mood and markets); Walter Deemer (market psychology); Paul Desmond (market bottoms); Humphrey B. Neill (contrarian thinking),《艾略特波浪原理》 - 羅伯特・普萊切特；原文題名：Findings & Forecasts - 艾德森・古爾德；原文題名：Identifying Bear Market Bottoms and New Bull Markets - 保羅・德斯蒙德；《讀帶與市場戰術》 - 漢弗萊・尼爾；《逆向思考的藝術》 - 漢弗萊・尼爾；《迪默談技術分析》 - 華特・迪默,Elliott Wave Principle - Robert Prechter; Findings & Forecasts - Edson Gould; Identifying Bear Market Bottoms and New Bull Markets - Paul Desmond; Tape Reading and Market Tactics - Humphrey B. Neill; The Art of Contrary Thinking - Humphrey B. Neill; Deemer on Technical Analysis - Walter Deemer,12,市場情緒屬於市場情緒，優先研究傑森・戈普弗特，再用其他專家資料交叉驗證。,Sentiment belongs to Sentiment; start with Jason Goepfert and use other experts for cross-checking.
stage-analysis,四階段分析,Stage Analysis,trend,趨勢分析,Trend Analysis,1,史坦・溫斯坦,Stan Weinstein,無直接補充專家；目前資料庫只收錄一位核心專家,No direct runner-up; current database maps one core expert only,史坦・溫斯坦是目前資料庫中唯一對應「四階段分析」的核心專家。,Stan Weinstein is the only expert currently mapped to Stage Analysis in this database.,史坦・溫斯坦（創始/推廣者）,Stan Weinstein (creator/promoter),《牛熊市場獲利祕訣》 - 史坦・溫斯坦,Secrets for Profiting in Bull and Bear Markets - Stan Weinstein,1,四階段分析屬於趨勢分析，優先研究史坦・溫斯坦，再用其他專家資料交叉驗證。,Stage Analysis belongs to Trend Analysis; start with Stan Weinstein and use other experts for cross-checking.
stochastic,隨機指標,Stochastic Oscillator,momentum,動量指標,Momentum,1,喬治・藍恩,George C. Lane,無直接補充專家；目前資料庫只收錄一位核心專家,No direct runner-up; current database maps one core expert only,喬治・藍恩是目前資料庫中唯一對應「隨機指標」的核心專家。,George C. Lane is the only expert currently mapped to Stochastic Oscillator in this database.,喬治・藍恩（創始/推廣者）,George C. Lane (creator/promoter),原文題名：Lane's Stochastics - 喬治・藍恩,Lane's Stochastics - George C. Lane,1,隨機指標屬於動量指標，優先研究喬治・藍恩，再用其他專家資料交叉驗證。,Stochastic Oscillator belongs to Momentum; start with George C. Lane and use other experts for cross-checking.
stochastic-rsi,隨機 RSI,Stochastic RSI,momentum,動量指標,Momentum,2,圖沙・昌德,Tushar S. Chande,史丹利・克羅爾,Stanley Kroll,圖沙・昌德優勝，因其在原創性、專屬性與資料覆蓋上最強；主要對照者為史丹利・克羅爾。,"Tushar S. Chande wins because of the strongest mix of originality, specificity, and evidence coverage; main comparison: Stanley Kroll.",圖沙・昌德（共同創始者）；史丹利・克羅爾（共同創始者）,Tushar S. Chande (co-creator); Stanley Kroll (co-creator),《新技術交易者》 - 圖沙・昌德；《新技術交易者》 - 史丹利・克羅爾,The New Technical Trader - Tushar S. Chande; The New Technical Trader - Stanley Kroll,2,隨機 RSI屬於動量指標，優先研究圖沙・昌德，再用其他專家資料交叉驗證。,Stochastic RSI belongs to Momentum; start with Tushar S. Chande and use other experts for cross-checking.
stock_selection,股票選股,Stock Selection,stock_selection,股票選股,Stock Selection,1,查爾斯・柯克派翠克二世,Charles D. Kirkpatrick II,無直接補充專家；目前資料庫只收錄一位核心專家,No direct runner-up; current database maps one core expert only,查爾斯・柯克派翠克二世是目前資料庫中唯一對應「股票選股」的核心專家。,Charles D. Kirkpatrick II is the only expert currently mapped to Stock Selection in this database.,查爾斯・柯克派翠克二世（選股研究）,Charles D. Kirkpatrick II (stock-selection research),《技術分析：金融市場技術分析師完整資源》 - 查爾斯・柯克派翠克二世；原文題名：Stock Selection: A Test of Relative Stock Values Reported Over 17 1/2 Years - 查爾斯・柯克派翠克二世,Technical Analysis: The Complete Resource for Financial Market Technicians - Charles D. Kirkpatrick II; Stock Selection: A Test of Relative Stock Values Reported Over 17 1/2 Years - Charles D. Kirkpatrick II,2,股票選股屬於股票選股，優先研究查爾斯・柯克派翠克二世，再用其他專家資料交叉驗證。,Stock Selection belongs to Stock Selection; start with Charles D. Kirkpatrick II and use other experts for cross-checking.
supertrend,SuperTrend,SuperTrend,trend,趨勢分析,Trend Analysis,1,奧利維耶・塞班,Olivier Seban,無直接補充專家；目前資料庫只收錄一位核心專家,No direct runner-up; current database maps one core expert only,奧利維耶・塞班是目前資料庫中唯一對應「SuperTrend」的核心專家。,Olivier Seban is the only expert currently mapped to SuperTrend in this database.,奧利維耶・塞班（創始者）,Olivier Seban (creator),原文題名：SuperTrend - 奧利維耶・塞班,SuperTrend - Olivier Seban,1,SuperTrend屬於趨勢分析，優先研究奧利維耶・塞班，再用其他專家資料交叉驗證。,SuperTrend belongs to Trend Analysis; start with Olivier Seban and use other experts for cross-checking.
support-resistance,支撐阻力,Support and Resistance,charting,圖表分析,Charting,12,羅伯特・愛德華茲、約翰・麥基,Robert D. Edwards / John Magee,威廉・江恩、彼得・史戴梅爾,W. D. Gann / J. Peter Steidlmayer,羅伯特・愛德華茲、約翰・麥基並列優勝；此指標/方法屬共同創作或共同權威，應並讀其資料。,Robert D. Edwards / John Magee are joint winners; this indicator/method is best treated as a shared authority.,羅伯特・愛德華茲（型態分析）；約翰・麥基（型態分析）；威廉・江恩（角度/價位）；彼得・史戴梅爾（價值區）；艾倫・安德魯斯（中線/通道）；喬・迪納波利（價格叢集）；馬克・費雪（Pivot range）；布萊恩・香農（市場結構）；理查・沙巴克（型態與趨勢線）；卡洛琳・波羅登（價格叢集）；路易絲・山田（長期底部/頂部）；維克多・斯佩蘭迪奧（趨勢線）,Robert D. Edwards (pattern analysis); John Magee (pattern analysis); W. D. Gann (angles/price levels); J. Peter Steidlmayer (value area); Alan Andrews (median lines/channels); Joe DiNapoli (price clusters); Mark B. Fisher (Pivot range); Brian Shannon (market structure); Richard W. Schabacker (patterns and trendlines); Carolyn Boroden (price clusters); Louise Yamada (long-term tops/bottoms); Victor Sperandeo (trendlines),《股市讀帶真相》 - 威廉・江恩；《華爾街四十五年》 - 威廉・江恩；《技術分析與股市獲利》 - 理查・沙巴克；《股票趨勢技術分析》 - 羅伯特・愛德華茲；《股票趨勢技術分析》 - 約翰・麥基；《市場魔法》 - 路易絲・山田,Truth of the Stock Tape - W. D. Gann; 45 Years in Wall Street - W. D. Gann; Technical Analysis and Stock Market Profits - Richard W. Schabacker; Technical Analysis of Stock Trends - Robert D. Edwards; Technical Analysis of Stock Trends - John Magee; Market Magic: Riding the Greatest Bull Market of the Century - Louise Yamada,15,支撐阻力屬於圖表分析，優先研究羅伯特・愛德華茲、約翰・麥基，再用其他專家資料交叉驗證。,Support and Resistance belongs to Charting; start with Robert D. Edwards / John Magee and use other experts for cross-checking.
systems-trading,交易系統,Trading Systems,systems,交易系統,Trading Systems,15,佩里・考夫曼,Perry J. Kaufman,拉倫斯・康納斯、約翰・艾勒斯,Laurence A. Connors / John F. Ehlers,佩里・考夫曼優勝，因其在原創性、專屬性與資料覆蓋上最強；主要對照者為拉倫斯・康納斯、約翰・艾勒斯。,"Perry J. Kaufman wins because of the strongest mix of originality, specificity, and evidence coverage; main comparison: Laurence A. Connors / John F. Ehlers.",佩里・考夫曼（系統交易作者）；拉倫斯・康納斯（短線均值回歸）；約翰・艾勒斯（自適應指標）；史丹利・克羅爾（交易系統）；亞歷山大・艾爾德（Triple Screen）；拉爾夫・文斯（資金管理）；霍華德・班迪（交易系統）；傑克・施瓦格（交易方法整理）；穆雷・魯傑羅（交易系統）；羅伯特・帕多（交易系統）；格倫・尼利（波浪規則）；湯瑪斯・史翠茲曼（交易系統）；大衛・阿隆森（客觀規則）；漢克・普魯登（三大交易技能）；琳達・布拉德福德・拉什克（高勝率策略）,Perry J. Kaufman (systematic-trading author); Laurence A. Connors (short-term mean reversion); John F. Ehlers (adaptive indicators); Stanley Kroll (trading systems); Alexander Elder (Triple Screen); Ralph Vince (money management); Howard Bandy (trading systems); Jack D. Schwager (trading-method compilation); Murray A. Ruggiero Jr. (trading systems); Robert Pardo (trading systems); Glenn Neely (wave rules); Thomas Stridsman (trading systems); David Aronson (objective rules); Hank Pruden (three trading skills); Linda Bradford Raschke (high-probability strategies),《技術分析入門》 - 傑克・施瓦格；原文題名：Market Wizards - 傑克・施瓦格；《交易系統與方法》 - 佩里・考夫曼；《更聰明的交易》 - 佩里・考夫曼；《新技術交易者》 - 史丹利・克羅爾；《以交易為生》 - 亞歷山大・艾爾德,Getting Started in Technical Analysis - Jack D. Schwager; Market Wizards - Jack D. Schwager; Trading Systems and Methods - Perry J. Kaufman; Smarter Trading - Perry J. Kaufman; The New Technical Trader - Stanley Kroll; Trading for a Living - Alexander Elder,22,交易系統屬於交易系統，優先研究佩里・考夫曼，再用其他專家資料交叉驗證。,Trading Systems belongs to Trading Systems; start with Perry J. Kaufman and use other experts for cross-checking.
tape-reading,讀帶 / 盤口判讀,Tape Reading,charting,圖表分析,Charting,3,傑西・李佛摩,Jesse Livermore,理查・威科夫、漢弗萊・尼爾,Richard D. Wyckoff / Humphrey B. Neill,傑西・李佛摩優勝，因其在原創性、專屬性與資料覆蓋上最強；主要對照者為理查・威科夫、漢弗萊・尼爾。,"Jesse Livermore wins because of the strongest mix of originality, specificity, and evidence coverage; main comparison: Richard D. Wyckoff / Humphrey B. Neill.",傑西・李佛摩（代表性實踐者）；理查・威科夫（讀帶）；漢弗萊・尼爾（經典作者）,Jesse Livermore (representative practitioner); Richard D. Wyckoff (tape reading); Humphrey B. Neill (classic author),《讀帶研究》 - 理查・威科夫；《我如何交易與投資股票和債券》 - 理查・威科夫；《如何交易股票》 - 傑西・李佛摩；《讀帶與市場戰術》 - 漢弗萊・尼爾；《逆向思考的藝術》 - 漢弗萊・尼爾,Studies in Tape Reading - Richard D. Wyckoff; How I Trade and Invest in Stocks and Bonds - Richard D. Wyckoff; How to Trade in Stocks - Jesse Livermore; Tape Reading and Market Tactics - Humphrey B. Neill; The Art of Contrary Thinking - Humphrey B. Neill,5,讀帶 / 盤口判讀屬於圖表分析，優先研究傑西・李佛摩，再用其他專家資料交叉驗證。,Tape Reading belongs to Charting; start with Jesse Livermore and use other experts for cross-checking.
tema-dema,DEMA / TEMA,Double/Triple Exponential Moving Average,trend,趨勢分析,Trend Analysis,1,派翠克・馬洛伊,Patrick G. Mulloy,無直接補充專家；目前資料庫只收錄一位核心專家,No direct runner-up; current database maps one core expert only,派翠克・馬洛伊是目前資料庫中唯一對應「DEMA / TEMA」的核心專家。,Patrick G. Mulloy is the only expert currently mapped to Double/Triple Exponential Moving Average in this database.,派翠克・馬洛伊（創始者）,Patrick G. Mulloy (creator),原文題名：Smoothing Data with Faster Moving Averages - 派翠克・馬洛伊,Smoothing Data with Faster Moving Averages - Patrick G. Mulloy,1,DEMA / TEMA屬於趨勢分析，優先研究派翠克・馬洛伊，再用其他專家資料交叉驗證。,Double/Triple Exponential Moving Average belongs to Trend Analysis; start with Patrick G. Mulloy and use other experts for cross-checking.
trend-following,趨勢跟隨,Trend Following,trend,趨勢分析,Trend Analysis,20,理查・唐奇安,Richard Donchian,威廉・彼得・漢密爾頓、達利・古比,William Peter Hamilton / Daryl Guppy,理查・唐奇安優勝，因其在原創性、專屬性與資料覆蓋上最強；主要對照者為威廉・彼得・漢密爾頓、達利・古比。,"Richard Donchian wins because of the strongest mix of originality, specificity, and evidence coverage; main comparison: William Peter Hamilton / Daryl Guppy.",理查・唐奇安（趨勢跟隨先驅）；威廉・彼得・漢密爾頓（趨勢判讀）；達利・古比（趨勢判讀）；艾蒂安・博特斯（趨勢反轉）；道格拉斯・西普曼（趨勢反轉）；羅伯特・里亞（趨勢確認）；細田悟一（趨勢/支撐阻力）；查爾斯・道（早期趨勢概念）；艾德森・古爾德（長期市場判斷）；奧利維耶・塞班（趨勢跟隨）；蓋瑞・安東納奇（產業趨勢）；馬丁・普林格（趨勢判讀）；華特・迪默（市場時機）；湯瑪斯・史翠茲曼（系統化趨勢）；路易絲・山田（長期趨勢）；理查・羅素（市場趨勢）；尼古拉斯・達瓦斯（突破交易）；拉爾夫・阿坎波拉（市場歷史）；維克多・斯佩蘭迪奧（1-2-3 反轉）；傑西・李佛摩（趨勢交易）,Richard Donchian (trend-following pioneer); William Peter Hamilton (trend interpretation); Daryl Guppy (trend interpretation); Etienne Botes (trend reversal); Douglas Siepman (trend reversal); Robert Rhea (trend confirmation); Goichi Hosoda (trend and support/resistance); Charles H. Dow (early trend concept); Edson Gould (long-term market judgment); Olivier Seban (trend following); Gary Antonacci (industry trends); Martin J. Pring (trend interpretation); Walter Deemer (market timing); Thomas Stridsman (systematic trend analysis); Louise Yamada (long-term trend analysis); Richard Russell (market trend analysis); Nicolas Darvas (breakout trading); Ralph Acampora (market history); Victor Sperandeo (1-2-3 reversal); Jesse Livermore (trend trading),《華爾街日報》市場平均指數評論 - 查爾斯・道；《股票市場晴雨表》 - 威廉・彼得・漢密爾頓；《道氏理論》 - 羅伯特・里亞；《如何交易股票》 - 傑西・李佛摩；《技術分析詳解》 - 馬丁・普林格；原文題名：Commodity Trend Timing - 理查・唐奇安,Wall Street Journal editorials on market averages - Charles H. Dow; The Stock Market Barometer - William Peter Hamilton; The Dow Theory - Robert Rhea; How to Trade in Stocks - Jesse Livermore; Technical Analysis Explained - Martin J. Pring; Commodity Trend Timing - Richard Donchian,22,趨勢跟隨屬於趨勢分析，優先研究理查・唐奇安，再用其他專家資料交叉驗證。,Trend Following belongs to Trend Analysis; start with Richard Donchian and use other experts for cross-checking.
trin-arms-index,TRIN / Arms Index,Arms Index,breadth,市場寬度,Market Breadth,1,理查・阿姆斯,Richard W. Arms Jr.,無直接補充專家；目前資料庫只收錄一位核心專家,No direct runner-up; current database maps one core expert only,理查・阿姆斯是目前資料庫中唯一對應「TRIN / Arms Index」的核心專家。,Richard W. Arms Jr. is the only expert currently mapped to Arms Index in this database.,理查・阿姆斯（創始者）,Richard W. Arms Jr. (creator),原文題名：The Arms Index - 理查・阿姆斯,The Arms Index - Richard W. Arms Jr.,1,TRIN / Arms Index屬於市場寬度，優先研究理查・阿姆斯，再用其他專家資料交叉驗證。,Arms Index belongs to Market Breadth; start with Richard W. Arms Jr. and use other experts for cross-checking.
trix,TRIX,Triple Exponential Average,momentum,動量指標,Momentum,1,傑克・哈特森,Jack K. Hutson,無直接補充專家；目前資料庫只收錄一位核心專家,No direct runner-up; current database maps one core expert only,傑克・哈特森是目前資料庫中唯一對應「TRIX」的核心專家。,Jack K. Hutson is the only expert currently mapped to Triple Exponential Average in this database.,傑克・哈特森（創始者）,Jack K. Hutson (creator),原文題名：Good TRIX - 傑克・哈特森,Good TRIX - Jack K. Hutson,1,TRIX屬於動量指標，優先研究傑克・哈特森，再用其他專家資料交叉驗證。,Triple Exponential Average belongs to Momentum; start with Jack K. Hutson and use other experts for cross-checking.
ulcer-index,Ulcer Index,Ulcer Index,risk,風險與回撤,Risk and Drawdown,2,彼得・馬丁、拜倫・麥肯,Peter G. Martin / Byron McCann,共同核心專家；不另設補充角色,Joint core experts; no separate runner-up assigned,彼得・馬丁、拜倫・麥肯並列優勝；此指標/方法屬共同創作或共同權威，應並讀其資料。,Peter G. Martin / Byron McCann are joint winners; this indicator/method is best treated as a shared authority.,彼得・馬丁（共同創始者）；拜倫・麥肯（共同創始者）,Peter G. Martin (co-creator); Byron McCann (co-creator),《富達基金投資指南》 - 彼得・馬丁；《富達基金投資指南》 - 拜倫・麥肯,The Investor's Guide to Fidelity Funds - Peter G. Martin; The Investor's Guide to Fidelity Funds - Byron McCann,2,Ulcer Index屬於風險與回撤，優先研究彼得・馬丁、拜倫・麥肯，再用其他專家資料交叉驗證。,Ulcer Index belongs to Risk and Drawdown; start with Peter G. Martin / Byron McCann and use other experts for cross-checking.
vcp,VCP 波動收縮形態,Volatility Contraction Pattern,charting,圖表分析,Charting,1,馬克・米勒維尼,Mark Minervini,無直接補充專家；目前資料庫只收錄一位核心專家,No direct runner-up; current database maps one core expert only,馬克・米勒維尼是目前資料庫中唯一對應「VCP 波動收縮形態」的核心專家。,Mark Minervini is the only expert currently mapped to Volatility Contraction Pattern in this database.,馬克・米勒維尼（創始/推廣者）,Mark Minervini (creator/promoter),《像股市魔法師一樣交易》 - 馬克・米勒維尼；《像冠軍一樣思考與交易》 - 馬克・米勒維尼,Trade Like a Stock Market Wizard - Mark Minervini; Think and Trade Like a Champion - Mark Minervini,2,VCP 波動收縮形態屬於圖表分析，優先研究馬克・米勒維尼，再用其他專家資料交叉驗證。,Volatility Contraction Pattern belongs to Charting; start with Mark Minervini and use other experts for cross-checking.
vidya,VIDYA 動態平均,Variable Index Dynamic Average,trend,趨勢分析,Trend Analysis,2,圖沙・昌德,Tushar S. Chande,史丹利・克羅爾,Stanley Kroll,圖沙・昌德優勝，因其在原創性、專屬性與資料覆蓋上最強；主要對照者為史丹利・克羅爾。,"Tushar S. Chande wins because of the strongest mix of originality, specificity, and evidence coverage; main comparison: Stanley Kroll.",圖沙・昌德（創始者）；史丹利・克羅爾（共同作者）,Tushar S. Chande (creator); Stanley Kroll (co-author),《新技術交易者》 - 圖沙・昌德；《新技術交易者》 - 史丹利・克羅爾,The New Technical Trader - Tushar S. Chande; The New Technical Trader - Stanley Kroll,2,VIDYA 動態平均屬於趨勢分析，優先研究圖沙・昌德，再用其他專家資料交叉驗證。,Variable Index Dynamic Average belongs to Trend Analysis; start with Tushar S. Chande and use other experts for cross-checking.
volatility,波動率,Volatility,volatility,波動率,Volatility,4,約翰・布林格,John Bollinger,安德魯・思拉舍、亞歷克斯・斯皮羅格魯,Andrew Thrasher / Alex Spiroglou,約翰・布林格優勝，因其在原創性、專屬性與資料覆蓋上最強；主要對照者為安德魯・思拉舍、亞歷克斯・斯皮羅格魯。,"John Bollinger wins because of the strongest mix of originality, specificity, and evidence coverage; main comparison: Andrew Thrasher / Alex Spiroglou.",約翰・布林格（波動通道）；安德魯・思拉舍（波動/風險）；亞歷克斯・斯皮羅格魯（波動標準化動量）；托比・克拉貝爾（波動擴張）,John Bollinger (volatility bands); Andrew Thrasher (volatility/risk); Alex Spiroglou (volatility-normalized momentum); Toby Crabel (volatility expansion),《布林格談布林通道》 - 約翰・布林格；《短線價格型態與開盤區間突破日內交易》 - 托比・克拉貝爾；原文題名：Forecasting a Volatility Tsunami - 安德魯・思拉舍；原文題名：The 5% Canary - 安德魯・思拉舍；原文題名：MACD-V: Volatility Normalised Momentum - 亞歷克斯・斯皮羅格魯,Bollinger on Bollinger Bands - John Bollinger; Day Trading with Short Term Price Patterns and Opening Range Breakout - Toby Crabel; Forecasting a Volatility Tsunami - Andrew Thrasher; The 5% Canary - Andrew Thrasher; MACD-V: Volatility Normalised Momentum - Alex Spiroglou,5,波動率屬於波動率，優先研究約翰・布林格，再用其他專家資料交叉驗證。,Volatility belongs to Volatility; start with John Bollinger and use other experts for cross-checking.
volume-analysis,成交量分析,Volume Analysis,volume,成交量與資金流,Volume and Money Flow,13,理查・威科夫,Richard D. Wyckoff,約瑟夫・格蘭維爾、巴夫・多米爾,Joseph Granville / Buff Dormeier,理查・威科夫優勝，因其在原創性、專屬性與資料覆蓋上最強；主要對照者為約瑟夫・格蘭維爾、巴夫・多米爾。,"Richard D. Wyckoff wins because of the strongest mix of originality, specificity, and evidence coverage; main comparison: Joseph Granville / Buff Dormeier.",理查・威科夫（量價分析）；約瑟夫・格蘭維爾（量價分析）；巴夫・多米爾（量價研究）；彼得・史戴梅爾（價格時間分佈）；史蒂文・阿契利斯（百科作者）；馬克・柴金（量價/資金流）；理查・阿姆斯（成交量廣度）；金・匡（量價動量）；阿夫魯姆・蘇達克（量價動量）；湯姆・威廉斯（量價差）；漢克・普魯登（供需/量價）；史坦・溫斯坦（突破量能）；大衛・韋斯（Weis Wave）,Richard D. Wyckoff (price-volume analysis); Joseph Granville (price-volume analysis); Buff Dormeier (price-volume research); J. Peter Steidlmayer (time-price distribution); Steven B. Achelis (encyclopedia author); Marc Chaikin (price-volume / money-flow analysis); Richard W. Arms Jr. (volume breadth); Gene Quong (price-volume momentum); Avrum Soudack (price-volume momentum); Tom Williams (volume-spread analysis); Hank Pruden (supply/demand and price-volume work); Stan Weinstein (breakout volume); David Weis (Weis Wave),《讀帶研究》 - 理查・威科夫；《我如何交易與投資股票和債券》 - 理查・威科夫；《技術分析 A 到 Z》 - 史蒂文・阿契利斯；原文題名：Chaikin Money Flow - 馬克・柴金；《格蘭維爾股市獲利新鑰》 - 約瑟夫・格蘭維爾；原文題名：The Arms Index - 理查・阿姆斯,Studies in Tape Reading - Richard D. Wyckoff; How I Trade and Invest in Stocks and Bonds - Richard D. Wyckoff; Technical Analysis from A to Z - Steven B. Achelis; Chaikin Money Flow - Marc Chaikin; Granville's New Key to Stock Market Profits - Joseph Granville; The Arms Index - Richard W. Arms Jr.,16,成交量分析屬於成交量與資金流，優先研究理查・威科夫，再用其他專家資料交叉驗證。,Volume Analysis belongs to Volume and Money Flow; start with Richard D. Wyckoff and use other experts for cross-checking.
volume-spread-analysis,VSA 量價差分析,Volume Spread Analysis,volume,成交量與資金流,Volume and Money Flow,1,湯姆・威廉斯,Tom Williams,無直接補充專家；目前資料庫只收錄一位核心專家,No direct runner-up; current database maps one core expert only,湯姆・威廉斯是目前資料庫中唯一對應「VSA 量價差分析」的核心專家。,Tom Williams is the only expert currently mapped to Volume Spread Analysis in this database.,湯姆・威廉斯（創始/推廣者）,Tom Williams (creator/promoter),《掌握市場》 - 湯姆・威廉斯,Master the Markets - Tom Williams,1,VSA 量價差分析屬於成交量與資金流，優先研究湯姆・威廉斯，再用其他專家資料交叉驗證。,Volume Spread Analysis belongs to Volume and Money Flow; start with Tom Williams and use other experts for cross-checking.
vortex-indicator,Vortex 指標,Vortex Indicator,trend,趨勢分析,Trend Analysis,2,艾蒂安・博特斯、道格拉斯・西普曼,Etienne Botes / Douglas Siepman,共同核心專家；不另設補充角色,Joint core experts; no separate runner-up assigned,艾蒂安・博特斯、道格拉斯・西普曼並列優勝；此指標/方法屬共同創作或共同權威，應並讀其資料。,Etienne Botes / Douglas Siepman are joint winners; this indicator/method is best treated as a shared authority.,艾蒂安・博特斯（共同創始者）；道格拉斯・西普曼（共同創始者）,Etienne Botes (co-creator); Douglas Siepman (co-creator),《Vortex 指標》 - 艾蒂安・博特斯；《Vortex 指標》 - 道格拉斯・西普曼,The Vortex Indicator - Etienne Botes; The Vortex Indicator - Douglas Siepman,2,Vortex 指標屬於趨勢分析，優先研究艾蒂安・博特斯、道格拉斯・西普曼，再用其他專家資料交叉驗證。,Vortex Indicator belongs to Trend Analysis; start with Etienne Botes / Douglas Siepman and use other experts for cross-checking.
vwap,VWAP / Anchored VWAP,VWAP / Anchored VWAP,volume,成交量與資金流,Volume and Money Flow,1,布萊恩・香農,Brian Shannon,無直接補充專家；目前資料庫只收錄一位核心專家,No direct runner-up; current database maps one core expert only,布萊恩・香農是目前資料庫中唯一對應「VWAP / Anchored VWAP」的核心專家。,Brian Shannon is the only expert currently mapped to VWAP / Anchored VWAP in this database.,布萊恩・香農（Anchored VWAP 推廣者）,Brian Shannon (Anchored VWAP promoter),《多時間框架技術分析》 - 布萊恩・香農；《用 Anchored VWAP 提高交易收益》 - 布萊恩・香農,Technical Analysis Using Multiple Timeframes - Brian Shannon; Maximum Trading Gains with Anchored VWAP - Brian Shannon,2,VWAP / Anchored VWAP屬於成交量與資金流，優先研究布萊恩・香農，再用其他專家資料交叉驗證。,VWAP / Anchored VWAP belongs to Volume and Money Flow; start with Brian Shannon and use other experts for cross-checking.
williams-r,Williams %R,Williams %R,momentum,動量指標,Momentum,1,拉瑞・威廉斯,Larry Williams,無直接補充專家；目前資料庫只收錄一位核心專家,No direct runner-up; current database maps one core expert only,拉瑞・威廉斯是目前資料庫中唯一對應「Williams %R」的核心專家。,Larry Williams is the only expert currently mapped to Williams %R in this database.,拉瑞・威廉斯（創始者）,Larry Williams (creator),《我去年如何交易商品賺進一百萬美元》 - 拉瑞・威廉斯；原文題名：The Ripple Effect of Daily New Lows - 拉瑞・威廉斯,How I Made One Million Dollars Last Year Trading Commodities - Larry Williams; The Ripple Effect of Daily New Lows - Larry Williams,2,Williams %R屬於動量指標，優先研究拉瑞・威廉斯，再用其他專家資料交叉驗證。,Williams %R belongs to Momentum; start with Larry Williams and use other experts for cross-checking.
wyckoff-method,威科夫方法,Wyckoff Method,volume,成交量與資金流,Volume and Money Flow,4,理查・威科夫,Richard D. Wyckoff,大衛・韋斯、漢克・普魯登,David Weis / Hank Pruden,理查・威科夫優勝，因其在原創性、專屬性與資料覆蓋上最強；主要對照者為大衛・韋斯、漢克・普魯登。,"Richard D. Wyckoff wins because of the strongest mix of originality, specificity, and evidence coverage; main comparison: David Weis / Hank Pruden.",理查・威科夫（創始者）；大衛・韋斯（現代改編者）；漢克・普魯登（教育者）；湯姆・威廉斯（威科夫衍生）,Richard D. Wyckoff (creator); David Weis (modern adapter); Hank Pruden (educator); Tom Williams (Wyckoff-derived method),《讀帶研究》 - 理查・威科夫；《我如何交易與投資股票和債券》 - 理查・威科夫；《頂尖交易的三項技能》 - 漢克・普魯登；《即將發生的交易》 - 大衛・韋斯；《掌握市場》 - 湯姆・威廉斯,Studies in Tape Reading - Richard D. Wyckoff; How I Trade and Invest in Stocks and Bonds - Richard D. Wyckoff; The Three Skills of Top Trading - Hank Pruden; Trades About to Happen - David Weis; Master the Markets - Tom Williams,5,威科夫方法屬於成交量與資金流，優先研究理查・威科夫，再用其他專家資料交叉驗證。,Wyckoff Method belongs to Volume and Money Flow; start with Richard D. Wyckoff and use other experts for cross-checking.
