rank,name_zh,name_en,country_region,years,role,category,main_concepts_zh,notable_works,total_score,why_selected_zh,sources
1,查爾斯・道,Charles H. Dow,United States,1851-1902,金融記者、道氏理論奠基者,foundation,道氏理論(奠基者)；趨勢跟隨(早期趨勢概念),Wall Street Journal editorials on market averages,23,技術分析源流人物之一，道氏理論、趨勢確認與量價觀念皆由其市場評論發展而來。,https://www.investopedia.com/terms/d/dowtheory.asp；https://www.investopedia.com/articles/financial-theory/10/pioneers-technical-analysis.asp
2,威廉・彼得・漢密爾頓,William Peter Hamilton,United States,1867-1929,道氏理論實踐者、作家,foundation,道氏理論(主要詮釋者)；趨勢跟隨(趨勢判讀),The Stock Market Barometer,21,把道氏理論用於實際市場評論與投資判斷，是早期技術分析史的重要承接者。,https://papers.ssrn.com/sol3/papers.cfm?abstract_id=58690；https://archive.org/details/stockmarketbarom00hami；https://openlibrary.org/books/OL7031671M/The_stock_market_barometer
3,羅伯特・里亞,Robert Rhea,United States,1887-1939,道氏理論作家、通訊作者,foundation,道氏理論(系統化整理者)；趨勢跟隨(趨勢確認),The Dow Theory,21,以《The Dow Theory》整理 Dow 與 Hamilton 的觀念，對後來技術分析教材影響很深。,https://books.google.com/books/about/The_Dow_Theory.html?id=FO65ngEACAAJ；https://openlibrary.org/books/OL6279382M/The_Dow_theory
4,理查・威科夫,Richard D. Wyckoff,United States,1873-1934,市場操作者、教育者、作家,foundation,威科夫方法(創始者)；成交量分析(量價分析)；讀帶 / 盤口判讀(讀帶),Studies in Tape Reading；How I Trade and Invest in Stocks and Bonds,24,威科夫方法以供需、量價、累積/派發分析股票，是現代價格行為與量價交易的重要基礎。,https://chartschool.stockcharts.com/table-of-contents/market-analysis/wyckoff-analysis-articles/the-wyckoff-method-a-tutorial
5,傑西・李佛摩,Jesse Livermore,United States,1877-1940,股票與商品交易者,practitioner,讀帶 / 盤口判讀(代表性實踐者)；價格行為(價格行為)；趨勢跟隨(趨勢交易),How to Trade in Stocks,19,以價格行為、關鍵價位與趨勢操作聞名，雖非學院派作者，但對後世交易方法影響巨大。,https://en.wikipedia.org/wiki/Jesse_Livermore
6,威廉・江恩,W. D. Gann,United States,1878-1955,交易者、作家,foundation,江恩理論(創始者)；週期分析(週期分析)；支撐阻力(角度/價位),Truth of the Stock Tape；45 Years in Wall Street,22,江恩角度、時間循環、價格幾何在技術分析史上具代表性，適合歸於週期與時間價格分析資料。,https://en.wikipedia.org/wiki/William_Delbert_Gann
7,拉爾夫・尼爾森・艾略特,Ralph Nelson Elliott,United States,1871-1948,會計師、波浪理論創始者,foundation,艾略特波浪(創始者)；週期分析(市場循環),The Wave Principle,22,艾略特波浪是最知名的技術分析分支之一，常用於股票指數、外匯與商品的趨勢結構判讀。,https://en.wikipedia.org/wiki/Ralph_Nelson_Elliott；https://www.investopedia.com/terms/e/elliottwavetheory.asp
8,理查・沙巴克,Richard W. Schabacker,United States,1899-1935,金融編輯、技術分析作家,author,圖表型態(早期系統化作者)；支撐阻力(型態與趨勢線),Technical Analysis and Stock Market Profits,21,把圖表型態、趨勢、支撐阻力整理成完整技術分析體系，並影響 Edwards 與 Magee。,https://harriman-house.com/authors/richard-schabacker/technical-analysis-and-stock-market-profits/9780857199164；https://chartschool.stockcharts.com/table-of-contents/chart-analysis/introduction-to-chart-patterns
9,羅伯特・愛德華茲,Robert D. Edwards,United States,1893-1964,技術分析作家,author,圖表型態(經典教材作者)；支撐阻力(型態分析),Technical Analysis of Stock Trends,22,與 John Magee 合著的《Technical Analysis of Stock Trends》是圖表型態領域最常被引用的經典之一。,https://www.amazon.com/Technical-Analysis-Stock-Trends-Edwards/dp/113806941X；https://www.investopedia.com/articles/personal-finance/090916/top-5-books-learn-technical-analysis.asp
10,約翰・麥基,John Magee,United States,1901-1987,技術分析作家,author,圖表型態(經典教材作者)；支撐阻力(型態分析),Technical Analysis of Stock Trends,22,與 Edwards 共同建立現代圖表型態教材框架，對股票技術分析教育影響深。,https://www.amazon.com/Technical-Analysis-Stock-Trends-Edwards/dp/113806941X；https://www.investopedia.com/articles/financial-theory/10/pioneers-technical-analysis.asp
11,約翰・墨菲,John J. Murphy,United States,1942-,技術分析師、作家,author,移動平均(教材作者)；圖表型態(教材作者)；市場寬度(市場分析),Technical Analysis of the Financial Markets,23,綜合型技術分析教材代表作者，涵蓋趨勢、型態、指標、跨市場分析與期貨/股票應用。,https://www.amazon.com/Technical-Analysis-Financial-Markets-Comprehensive/dp/0735200661；https://www.investopedia.com/articles/personal-finance/090916/top-5-books-learn-technical-analysis.asp
12,馬丁・普林格,Martin J. Pring,United Kingdom / United States,1943-,技術分析師、作家,author,動量(指標與教材作者)；週期分析(景氣/市場循環)；趨勢跟隨(趨勢判讀),Technical Analysis Explained,23,著作廣、教材地位高，特別適合整理動量、週期、趨勢與市場心理指標。,https://www.amazon.com/Technical-Analysis-Explained-Successful-Investment/dp/1260466020；https://www.investopedia.com/articles/personal-finance/090916/top-5-books-learn-technical-analysis.asp
13,傑克・施瓦格,Jack D. Schwager,United States,1948-,作家、基金與交易研究者,author,圖表型態(教材作者)；交易系統(交易方法整理)；價格行為(交易者訪談),Getting Started in Technical Analysis；Market Wizards,20,技術分析入門書與 Market Wizards 訪談系列讓大量實戰交易方法被系統化保存。,https://www.amazon.com/Getting-Started-Technical-Analysis-Schwager/dp/0471295426；https://www.investopedia.com/articles/personal-finance/090916/top-5-books-learn-technical-analysis.asp
14,查爾斯・柯克派翠克二世,Charles D. Kirkpatrick II,United States,,CMT、作家、研究者,author_researcher,相對強弱 / 強勢股篩選(研究者)；道氏理論(Dow Award 研究)；股票選股(選股研究),Technical Analysis: The Complete Resource for Financial Market Technicians；Stock Selection: A Test of Relative Stock Values Reported Over 17 1/2 Years,22,兼具 CMT 教材作者與 Charles H. Dow Award 研究紀錄，適合放入相對強弱與股票選股研究。,https://cmtassociation.org/association/award-recognizing/charles-h-dow-award/
15,茱莉・達爾奎斯特,Julie R. Dahlquist,United States,,學者、CMT、教材作者,author_researcher,圖表型態(教材作者)；回測與系統驗證(缺口策略研究)；實證技術分析(研究者),Technical Analysis: The Complete Resource for Financial Market Technicians；Analyzing Gaps for Profitable Trading Strategies,22,CMT 教材合著者與 Dow Award 得主，適合記錄缺口、教材與技術分析研究方法。,https://cmtassociation.org/association/award-recognizing/charles-h-dow-award/
16,史蒂文・阿契利斯,Steven B. Achelis,United States,,技術指標百科作者、MetaStock 相關作者,author,移動平均(百科作者)；動量(百科作者)；成交量分析(百科作者),Technical Analysis from A to Z,19,以指標百科型著作著稱，對建立技術指標資料庫很有參考價值。,https://guides.newman.baruch.cuny.edu/c.php?g=188442&p=1243542
17,羅伯特・科爾比,Robert W. Colby,United States,,技術指標百科作者,author,移動平均(百科作者)；動量(百科作者)；實證技術分析(指標彙整),The Encyclopedia of Technical Market Indicators,20,《The Encyclopedia of Technical Market Indicators》彙整大量指標，是資料庫型研究的重要來源。,https://www.mheducation.com/highered/mhp/product/encyclopedia-technical-market-indicators-second-edition.html；https://openlibrary.org/books/OL17060688M/The_encyclopedia_of_technical_market_indicators；https://books.google.com/books/about/The_Encyclopedia_Of_Technical_Market_Ind.html?id=f82LUFQVGOUC
18,佩里・考夫曼,Perry J. Kaufman,United States,,量化交易系統作者,system_developer,KAMA 考夫曼自適應均線(創始者)；自適應均線(創始者)；交易系統(系統交易作者),Trading Systems and Methods；Smarter Trading,23,在交易系統與自適應均線方面影響大，KAMA 是技術指標資料庫必收項。,https://trendspider.com/learning-center/what-is-the-kaufman-adaptive-moving-average/
19,威爾斯・威爾德,J. Welles Wilder Jr.,United States,1935-2021,指標創作者、作家,indicator_creator,RSI 相對強弱指數(創始者)；ADX / DMI(創始者)；ATR 平均真實波幅(創始者)；Parabolic SAR(創始者),New Concepts in Technical Trading Systems,25,RSI、ADX/DMI、ATR、Parabolic SAR 等多個核心指標皆出自其 1978 年著作。,https://books.google.com/books/about/New_Concepts_in_Technical_Trading_System.html?id=WesJAQAAMAAJ；https://www.investopedia.com/terms/r/rsi.asp
20,傑拉德・阿佩爾,Gerald Appel,United States,1933-2020,技術分析師、作家、指標創作者,indicator_creator,MACD(創始者)；移動平均(動量均線),Technical Analysis: Power Tools for Active Investors,24,MACD 創作者，MACD 是全球交易平台中最普及的動量/趨勢指標之一。,https://cmtassociation.org/presenter/gerald-appel/；https://traders.com/documentation/feedbk_docs/2003/09/Abstracts_new/Interview/interview.html；https://www.investopedia.com/trading/macd/
21,約翰・布林格,John Bollinger,United States,1950-,CFA、CMT、指標創作者,indicator_creator,布林通道(創始者)；波動率(波動通道),Bollinger on Bollinger Bands,24,布林通道創作者，對波動率自適應通道與相對高低位判讀具核心地位。,https://www.bollingerbands.com/；https://www.bollingercapital.com/team
22,喬治・藍恩,George C. Lane,United States,1921-2004,交易者、教育者、指標推廣者,indicator_creator,隨機指標(創始/推廣者)；動量(動量先行觀念),Lane's Stochastics,21,隨機指標代表人物；Stochastic 與 RSI、MACD 同屬最普及動量指標。,https://www.investopedia.com/terms/s/stochasticoscillator.asp；https://chartschool.stockcharts.com/table-of-contents/technical-indicators-and-overlays/technical-indicators/stochastic-oscillator-fast-slow-and-full
23,理查・唐奇安,Richard Donchian,United States,1905-1993,趨勢跟隨先驅、基金經理,indicator_creator,唐奇安通道(創始者)；趨勢跟隨(趨勢跟隨先驅),Commodity Trend Timing,22,被視為趨勢跟隨與管理期貨先驅，唐奇安通道是突破交易和 Turtle 系統的重要基礎。,https://www.investopedia.com/donchian-channels-formula-8415235；https://en.wikipedia.org/wiki/Richard_Donchian
24,圖沙・昌德,Tushar S. Chande,India / United States,,指標創作者、量化研究者,indicator_creator,Aroon 指標(創始者)；Chande 動量震盪器(創始者)；VIDYA 動態平均(創始者)；隨機 RSI(共同創始者),The New Technical Trader,24,Aroon、CMO、VIDYA、StochRSI 等多個指標與其相關，是技術指標資料庫的重點人物。,https://chartschool.stockcharts.com/table-of-contents/technical-indicators-and-overlays/technical-indicators/aroon；https://www.fidelity.com/learning-center/trading-investing/technical-analysis/technical-indicator-guide/cmo；https://www.investopedia.com/terms/s/stochrsi.asp
25,史丹利・克羅爾,Stanley Kroll,United States,,交易系統作者、指標共同作者,indicator_creator,隨機 RSI(共同創始者)；VIDYA 動態平均(共同作者)；交易系統(交易系統),The New Technical Trader,18,與 Tushar Chande 合作提出 StochRSI 與相關動態指標方法。,https://www.investopedia.com/terms/s/stochrsi.asp；https://www.fxcorporate.com/help/MS/LOGOUT/i_Vidya.html
26,唐納德・蘭伯特,Donald R. Lambert,United States,,指標創作者,indicator_creator,CCI 商品通道指標(創始者)；週期分析(商品週期),Commodity Channel Index,20,CCI 創作者；CCI 從商品週期工具延伸到股票、ETF、外匯等市場。,https://chartschool.stockcharts.com/table-of-contents/technical-indicators-and-overlays/technical-indicators/commodity-channel-index-cci
27,拉瑞・威廉斯,Larry Williams,United States,1942-,交易者、作家、指標創作者,indicator_creator,Williams %R(創始者)；動量(短線動量)；市場寬度(Dow Award 研究),How I Made One Million Dollars Last Year Trading Commodities；The Ripple Effect of Daily New Lows,24,Williams %R、Ultimate Oscillator 等工具與多本交易著作皆具影響力，亦為 2024 Dow Award 共同得主。,https://www.fidelity.com/learning-center/trading-investing/technical-analysis/technical-indicator-guide/williams-r；https://cmtassociation.org/association/award-recognizing/charles-h-dow-award/
28,馬克・柴金,Marc Chaikin,United States,,技術分析師、指標創作者,indicator_creator,Chaikin 資金流(創始者)；成交量分析(量價/資金流),Chaikin Money Flow,20,Chaikin Money Flow 與 Chaikin 系列量價指標被廣泛內建於交易平台。,https://www.fidelity.com/learning-center/trading-investing/technical-analysis/technical-indicator-guide/cmf；https://chaikinanalytics.com/
29,約瑟夫・格蘭維爾,Joseph Granville,United States,1923-2013,市場通訊作者、指標創作者,indicator_creator,OBV 能量潮(創始者)；成交量分析(量價分析),Granville's New Key to Stock Market Profits,22,OBV 創作者，將成交量作為價格先行壓力的概念推廣到股票市場。,https://www.investopedia.com/terms/o/onbalancevolume.asp；https://openlibrary.org/works/OL3510350W/New_key_to_stock_market_profits；https://books.google.com/books/about/New_Key_to_Stock_Market_Profits.html?id=Z8xl5AAACAAJ
30,謝爾曼・麥克萊倫,Sherman McClellan,United States,,市場寬度指標創作者,indicator_creator,McClellan Oscillator(共同創始者)；市場寬度(市場寬度),Patterns for Profit,20,與 Marian McClellan 共同開發 McClellan Oscillator 與 Summation Index。,https://www.mcoscillator.com/learning_center/kb/mcclellan_oscillator/the_origin_story_of_the_mcclellan_oscillator/；https://www.investopedia.com/terms/m/mcclellanoscillator.asp
31,瑪麗安・麥克萊倫,Marian McClellan,United States,,市場寬度指標共同創作者,indicator_creator,McClellan Oscillator(共同創始者)；市場寬度(市場寬度),Patterns for Profit,20,McClellan Oscillator 共同創作者，對廣度動量與市場內部結構研究具代表性。,https://www.mcoscillator.com/learning_center/kb/mcclellan_oscillator/the_origin_story_of_the_mcclellan_oscillator/；https://www.investopedia.com/terms/m/mcclellanoscillator.asp
32,理查・阿姆斯,Richard W. Arms Jr.,United States,1930-2018,市場寬度指標創作者,indicator_creator,TRIN / Arms Index(創始者)；市場寬度(市場寬度)；成交量分析(成交量廣度),The Arms Index,20,TRIN/Arms Index 將漲跌家數與成交量結合，是經典市場寬度與短線情緒工具。,https://chartschool.stockcharts.com/table-of-contents/market-indicators/arms-index-trin；https://www.investopedia.com/terms/a/arms.asp
33,艾德溫・科波克,Edwin S. Coppock,United States,1918-1999,經濟學家、指標創作者,indicator_creator,Coppock 曲線(創始者)；動量(長期動量),Coppock Curve,20,Coppock Curve 是長期市場底部與月線動量判讀的經典工具。,https://en.wikipedia.org/wiki/Coppock_curve；https://www.investopedia.com/articles/active-trading/031814/using-coppock-curve-generate-stock-trade-signals.asp；https://www.incrediblecharts.com/indicators/coppock_indicator.php
34,湯姆・迪馬克,Tom DeMark,United States,,指標創作者、機構顧問,indicator_creator,DeMark 指標(創始者)；市場時機(市場時機),The New Science of Technical Analysis；DeMARK Indicators,24,DeMARK 指標系列在機構交易與市場時機判斷中知名度高，官方資料稱其為 DeMARK Indicators 創作者。,https://demark.com/about/；https://demark.com/demark-indicators/
35,亞歷山大・艾爾德,Alexander Elder,United States,1950-,交易者、心理醫師、作家,indicator_creator,Elder-Ray(創始者)；Force Index(創始者)；交易系統(Triple Screen),Trading for a Living,24,Elder-Ray、Force Index 與 Triple Screen 系統將趨勢、動量、量能與交易心理結合。,https://www.investopedia.com/articles/trading/03/022603.asp
36,史蒂夫・尼森,Steve Nison,United States,,K 線技術分析作家,author,K 線 / 蠟燭圖(西方推廣者)；圖表型態(K 線型態),Japanese Candlestick Charting Techniques,23,被其官方網站稱為把日本蠟燭圖帶入西方世界的權威，對全球 K 線教材影響極大。,https://candlecharts.com/about-steve-nison/；https://openlibrary.org/books/OL1864784M/Japanese_candlestick_charting_techniques；https://www.amazon.com/Japanese-Candlestick-Charting-Techniques-Second/dp/0735201811
37,細田悟一,Goichi Hosoda,Japan,1898-1982,一目均衡表創始者、記者,indicator_creator,一目均衡表(創始者)；趨勢跟隨(趨勢/支撐阻力),Ichimoku Kinko Hyo,22,一目均衡表創始者，將趨勢、動量、支撐阻力與時間概念整合為完整系統。,https://www.investopedia.com/terms/i/ichimoku-cloud.asp；https://www.swissquote.com/en-ch/private/inspire/blog/technical-analysis/what-ichimoku-kinko-hyo-trading-method
38,本間宗久,Munehisa Homma,Japan,1724-1803,米商、蠟燭圖傳統人物,foundation,K 線 / 蠟燭圖(歷史源流)；價格行為(市場心理),Sakata Rules,18,常被列為日本 K 線與市場心理分析源流人物；適合記錄在蠟燭圖歷史欄位。,https://en.wikipedia.org/wiki/Munehisa_Homma；https://www.hotcandlestick.com/candlesticks.htm；https://ftmo.com/en/blog/technical-analysis-history-of-candlestick-charts/
39,湯瑪斯・布考斯基,Thomas N. Bulkowski,United States,,圖表型態統計作者,author_researcher,圖表型態(統計研究者)；K 線 / 蠟燭圖(型態統計)；回測與系統驗證(歷史樣本統計),Encyclopedia of Chart Patterns,23,以大量歷史樣本統計圖表型態與 K 線表現，是型態資料庫的重要參考人物。,https://thepatternsite.com/；https://www.amazon.com/Encyclopedia-Chart-Patterns-Thomas-Bulkowski/dp/0471668265
40,路易絲・山田,Louise Yamada,United States,,CMT、機構技術分析師,practitioner,相對強弱 / 強勢股篩選(機構技術研究)；趨勢跟隨(長期趨勢)；支撐阻力(長期底部/頂部),Market Magic: Riding the Greatest Bull Market of the Century,20,前 Smith Barney/Citigroup 技術研究主管與 CMT Lifetime Achievement 得主，代表機構級技術分析。,https://cmtassociation.org/presenter/louise-yamada/；https://www.lyadvisors.com/
41,拉爾夫・阿坎波拉,Ralph Acampora,United States,,技術分析師、教育者,practitioner,趨勢跟隨(市場歷史)；圖表型態(教育者)；道氏理論(市場技術史),The Fourth Mega-Market,20,被 NYIF 描述為華爾街受尊敬的技術分析師與市場歷史研究者，教育與業界影響力高。,https://www.nyif.com/faculties/acampora-ralph
42,羅伯特・普萊切特,Robert Prechter,United States,1949-,艾略特波浪分析師、作家,author,艾略特波浪(推廣者/作者)；市場情緒(社會情緒與市場),Elliott Wave Principle,23,將艾略特波浪重新推廣成全球知名方法，與 A. J. Frost 合著經典教材。,https://en.wikipedia.org/wiki/Robert_Prechter；https://www.amazon.com/Elliott-Wave-Principle-Key-Market/dp/1616041374
43,A・J・佛羅斯特,A. J. Frost,Canada,1908-1999,艾略特波浪作者,author,艾略特波浪(經典教材共同作者),Elliott Wave Principle,20,與 Robert Prechter 合著《Elliott Wave Principle》，是波浪理論教材化的重要人物。,https://www.amazon.com/Elliott-Wave-Principle-Key-Market/dp/1616041374；https://www.elliottwave.com/books/elliott-wave-principle/
44,格倫・尼利,Glenn Neely,United States,,艾略特波浪分析師、作家,author,艾略特波浪(規則化作者)；交易系統(波浪規則),Mastering Elliott Wave,20,嘗試把艾略特波浪規則化與更嚴格分類，適合記錄於波浪理論研究分支。,https://www.amazon.com/Mastering-Elliott-Wave-Glenn-Neely/dp/0930233441；https://www.neowave.com/product-book.asp；https://glennneely.com/
45,艾德森・古爾德,Edson Gould,United States,1902-1987,市場技術分析師,foundation,市場情緒(情緒/心理指標)；市場寬度(市場指標)；趨勢跟隨(長期市場判斷),Findings & Forecasts,19,Investopedia 將其列為技術分析先驅之一，以 Senti-Meter 等長期市場指標聞名。,https://www.investopedia.com/articles/financial-theory/10/pioneers-technical-analysis.asp；https://chartschool.stockcharts.com/table-of-contents/chart-analysis/chart-annotation-tools/speed-resistance-lines；https://www.mcoscillator.com/learning_center/weekly_chart/edson_goulds_daily_point_index/
46,保羅・德斯蒙德,Paul Desmond,United States,,市場技術研究者,researcher,市場寬度(熊市底部研究)；市場情緒(市場底部)；道氏理論(Dow Award 得主),Identifying Bear Market Bottoms and New Bull Markets,20,2002 Charles H. Dow Award 得主，研究熊市底部與新牛市確認，適合市場寬度/底部研究資料庫。,https://cmtassociation.org/association/award-recognizing/charles-h-dow-award/
47,理查・羅素,Richard Russell,United States,1924-2015,Dow Theory Letters 作者,practitioner,道氏理論(長期推廣者)；趨勢跟隨(市場趨勢),Dow Theory Letters,19,長期撰寫 Dow Theory Letters，是道氏理論在現代市場評論中的代表人物。,https://en.wikipedia.org/wiki/Richard_Russell_(Dow_Theory)；https://www.fa-mag.com/news/richard-russell--publisher-of-dow-theory-letters--dies-at-91-23996.html?print=；https://www.trendfollowing.com/2013/03/16/ep-109-richard-russell-and-dow-theory-with-michael-covel-on-trend-following-radio/
48,史坦・溫斯坦,Stan Weinstein,United States,,股票技術分析作家,author,四階段分析(創始/推廣者)；相對強弱 / 強勢股篩選(強勢股)；成交量分析(突破量能),Secrets for Profiting in Bull and Bear Markets,21,四階段分析與相對強弱/成交量突破選股方法在股票技術分析中常被使用。,https://www.investopedia.com/articles/investing/070715/trading-stage-analysis.asp；https://www.stageanalysis.net/
49,威廉・歐尼爾,William J. O'Neil,United States,1933-2023,Investor's Business Daily 創辦人、作家,author_practitioner,CAN SLIM(創始者)；杯柄形態(推廣/定義者)；相對強弱 / 強勢股篩選(成長股選股),How to Make Money in Stocks,24,CAN SLIM、杯柄形態與相對強弱選股方法在成長股股票交易者中極具影響力。,https://www.investopedia.com/terms/c/canslim.asp；https://www.fidelity.com/learning-center/trading-investing/technical-analysis/technical-indicator-guide/cup-with-handle
50,馬克・米勒維尼,Mark Minervini,United States,,股票交易者、作家,practitioner_author,VCP 波動收縮形態(創始/推廣者)；相對強弱 / 強勢股篩選(SEPA 強勢股)；杯柄形態(成長股型態),Trade Like a Stock Market Wizard；Think and Trade Like a Champion,23,以 SEPA 與 VCP 波動收縮形態聞名，是現代美股動能/成長股技術交易代表。,https://trendspider.com/learning-center/volatility-contraction-pattern-vcp/
51,尼古拉斯・達瓦斯,Nicolas Darvas,Hungary / United States,1920-1977,交易者、作家,practitioner_author,圖表型態(箱型理論)；趨勢跟隨(突破交易)；相對強弱 / 強勢股篩選(強勢股),"How I Made $2,000,000 in the Stock Market",20,Darvas Box 是早期股票箱型突破交易的經典案例。,https://en.wikipedia.org/wiki/Nicolas_Darvas
52,布萊恩・香農,Brian Shannon,United States,1967-,CMT、交易者、作家,author_practitioner,VWAP / Anchored VWAP(Anchored VWAP 推廣者)；價格行為(多週期分析)；支撐阻力(市場結構),Technical Analysis Using Multiple Timeframes；Maximum Trading Gains with Anchored VWAP,20,多週期技術分析與 Anchored VWAP 教學影響力高，適合放入 VWAP/價格結構分類。,https://books.google.com/books/about/Maximum_Trading_Gains_With_Anchored_VWAP.html?id=p3aCzwEACAAJ
53,琳達・布拉德福德・拉什克,Linda Bradford Raschke,United States,1959-,交易者、作家,practitioner_author,價格行為(短線交易)；開盤區間突破(短線策略)；交易系統(高勝率策略),Street Smarts,21,《Street Smarts》共同作者與 Market Wizards 受訪者，代表短線價格行為與實戰交易。,https://www.amazon.com/Street-Smarts-Probability-Short-Term-Strategies/dp/0965046109；https://lindaraschke.net/recommended-reading/
54,拉倫斯・康納斯,Laurence A. Connors,United States,,短線策略研究者、作家,indicator_creator,Connors RSI(創始者)；RSI 相對強弱指數(短線改良)；交易系統(短線均值回歸),Street Smarts；Short Term Trading Strategies That Work；ConnorsRSI,22,ConnorsRSI 與短線 RSI2/均值回歸策略在量化與短線交易圈常被引用。,https://chartschool.stockcharts.com/table-of-contents/technical-indicators-and-overlays/technical-indicators/connorsrsi；https://www.amazon.com/Street-Smarts-Probability-Short-Term-Strategies/dp/0965046109
55,安德魯・卡德威爾,Andrew Cardwell,United States,,RSI 專家、交易教育者,indicator_specialist,RSI 相對強弱指數(進階詮釋者)；動量(正/負反轉與區間規則),Cardwell RSI Positive/Negative Reversals,16,以 RSI Range Rules 與 Positive/Negative Reversals 聞名，是 RSI 進階應用的重要專家。,https://www.linkedin.com/in/andrew-cardwell-b318099；https://www.investopedia.com/articles/active-trading/042114/overbought-or-oversold-use-relative-strength-index-find-out.asp
56,康斯坦絲・布朗,Constance Brown,United States,,CMT、技術分析作家,indicator_specialist,RSI 相對強弱指數(進階詮釋者)；動量(Composite Index)；實證技術分析(指標組合),Technical Analysis for the Trading Professional,20,以 RSI 區間、Composite Index 與進階動量分析聞名，常被引用於 RSI 專題研究。,https://www.amazon.com/Technical-Analysis-Trading-Professional-Second/dp/007175914X；https://www.barchart.com/education/technical-indicators/cmb-composite-index
57,約翰・艾勒斯,John F. Ehlers,United States,,工程師、數位訊號處理指標作者,indicator_creator,週期分析(DSP 週期分析)；Ehlers 濾波器(濾波器)；交易系統(自適應指標),Rocket Science for Traders；Cybernetic Analysis for Stocks and Futures,24,把數位訊號處理與週期濾波引入技術指標，是現代自適應與濾波指標的重要人物。,https://www.mesasoftware.com/TechnicalArticles.htm
58,穆雷・魯傑羅,Murray A. Ruggiero Jr.,United States,,交易系統開發者、作家,system_developer,交易系統(交易系統)；回測與系統驗證(策略測試)；實證技術分析(量化規則),Cybernetic Trading Strategies,18,專注交易系統、模糊邏輯、機器學習與技術規則，適合交易系統與回測分類。,https://guides.newman.baruch.cuny.edu/c.php?g=188442&p=1243542
59,羅伯特・帕多,Robert Pardo,United States,,交易系統測試作者,system_developer,回測與系統驗證(系統測試)；交易系統(交易系統)；實證技術分析(樣本外驗證),"Design, Testing, and Optimization of Trading Systems",18,其交易系統設計、測試與優化著作是量化技術分析與策略驗證常見參考。,https://guides.newman.baruch.cuny.edu/c.php?g=188442&p=1243542
60,霍華德・班迪,Howard Bandy,United States,,量化交易系統作者,system_developer,交易系統(交易系統)；回測與系統驗證(策略驗證)；實證技術分析(統計分析),Quantitative Trading Systems；Modeling Trading System Performance,18,以交易系統建模、風險與回測流程著作聞名，適合本地資料庫後續加入策略驗證欄位。,https://guides.newman.baruch.cuny.edu/c.php?g=188442&p=1243542
61,湯瑪斯・史翠茲曼,Thomas Stridsman,Sweden / United States,,系統交易作者,system_developer,交易系統(交易系統)；回測與系統驗證(策略測試)；趨勢跟隨(系統化趨勢),Trading Systems That Work,17,交易系統設計與測試作者，對規則化技術分析與系統交易資料庫有參考價值。,https://guides.newman.baruch.cuny.edu/c.php?g=188442&p=1243542
62,達利・古比,Daryl Guppy,Australia,,交易者、作家、指標創作者,indicator_creator,Guppy 多重移動平均(創始者)；移動平均(多均線趨勢)；趨勢跟隨(趨勢判讀),Trading Tactics,21,Guppy Multiple Moving Average 以兩組 EMA 判讀短長期交易者行為，常見於趨勢篩選。,https://www.investopedia.com/terms/g/guppy-multiple-moving-average.asp
63,艾倫・霍爾,Alan Hull,Australia,,指標創作者、交易教育者,indicator_creator,Hull 移動平均(創始者)；移動平均(低滯後均線),Hull Moving Average,19,Hull Moving Average 以降低均線滯後聞名，是均線類指標的重要改良。,https://alanhull.com/the-hull-moving-average/；https://chartschool.stockcharts.com/table-of-contents/technical-indicators-and-overlays/technical-overlays/hull-moving-average-hma
64,約翰・麥金利,John R. McGinley,United States,,CMT、指標創作者,indicator_creator,McGinley Dynamic(創始者)；移動平均(自適應平滑),McGinley Dynamic,19,McGinley Dynamic 嘗試解決傳統均線跟不上市場速度的問題，屬均線改良指標。,https://www.earn2trade.com/blog/mcginley-dynamic-indicator/；https://www.investopedia.com/terms/m/mcginley-dynamic.asp；https://dotnet.stockindicators.dev/indicators/Dynamic/
65,派翠克・馬洛伊,Patrick G. Mulloy,United States,,指標創作者,indicator_creator,DEMA / TEMA(創始者)；移動平均(低滯後均線),Smoothing Data with Faster Moving Averages,19,DEMA/TEMA 改良均線滯後問題，在交易平台中常見。,https://chartschool.stockcharts.com/table-of-contents/technical-indicators-and-overlays/technical-overlays/triple-exponential-moving-average-tema；https://www.investopedia.com/ask/answers/041315/why-triple-exponential-moving-average-tema-important-traders-and-analysts.asp
66,傑克・哈特森,Jack K. Hutson,United States,,Technical Analysis of Stocks & Commodities 編輯、指標創作者,indicator_creator,TRIX(創始者)；動量(三重平滑動量),Good TRIX,19,TRIX 創作者，將三重 EMA 平滑後的變化率用於趨勢/動量訊號。,https://chartschool.stockcharts.com/table-of-contents/technical-indicators-and-overlays/technical-indicators/trix
67,金・匡,Gene Quong,United States,,指標共同創作者,indicator_creator,MFI 資金流量指標(共同創始者)；成交量分析(量價動量),Money Flow Index,17,Money Flow Index 共同創作者，將成交量整合進 RSI 類動量分析。,https://www.tradingview.com/support/solutions/43000502348-money-flow-mfi/；https://library.tradingtechnologies.com/trade/chrt-ti-money-flow-index.html；https://help.stockstrader.com/en/support/solutions/articles/33000210228-money-flow-index-mfi-
68,阿夫魯姆・蘇達克,Avrum Soudack,United States,,指標共同創作者,indicator_creator,MFI 資金流量指標(共同創始者)；成交量分析(量價動量),Money Flow Index,17,Money Flow Index 共同創作者，MFI 也常被稱為加入成交量的 RSI。,https://www.tradingview.com/support/solutions/43000502348-money-flow-mfi/；https://library.tradingtechnologies.com/trade/chrt-ti-money-flow-index.html；https://help.stockstrader.com/en/support/solutions/articles/33000210228-money-flow-index-mfi-
69,彼得・馬丁,Peter G. Martin,United States,,風險指標創作者,indicator_creator,Ulcer Index(共同創始者)；風險 / 回撤(下行風險),The Investor's Guide to Fidelity Funds,18,Ulcer Index 共同創作者，用於衡量下行風險與回撤痛苦程度。,https://chartschool.stockcharts.com/table-of-contents/technical-indicators-and-overlays/technical-indicators/ulcer-index
70,拜倫・麥肯,Byron McCann,United States,,風險指標共同創作者,indicator_creator,Ulcer Index(共同創始者)；風險 / 回撤(下行風險),The Investor's Guide to Fidelity Funds,18,Ulcer Index 共同作者，適合放入技術分析風險/回撤指標分類。,https://chartschool.stockcharts.com/table-of-contents/technical-indicators-and-overlays/technical-indicators/ulcer-index
71,艾蒂安・博特斯,Etienne Botes,South Africa,,指標共同創作者,indicator_creator,Vortex 指標(共同創始者)；趨勢跟隨(趨勢反轉),The Vortex Indicator,20,Vortex Indicator 共同創作者，該指標受 Wilder DMI 啟發，用於趨勢轉折與確認。,https://traders.com/documentation/feedbk_docs/2010/01/Botes.html；https://www.investopedia.com/terms/v/vortex-indicator-vi.asp
72,道格拉斯・西普曼,Douglas Siepman,South Africa,,指標共同創作者,indicator_creator,Vortex 指標(共同創始者)；趨勢跟隨(趨勢反轉),The Vortex Indicator,20,Vortex Indicator 共同創作者，適合歸檔於 DMI 類趨勢與方向變化指標。,https://traders.com/documentation/feedbk_docs/2010/01/Botes.html；https://www.investopedia.com/terms/v/vortex-indicator-vi.asp
73,奧利維耶・塞班,Olivier Seban,France,,交易者、指標創作者,indicator_creator,SuperTrend(創始者)；ATR 平均真實波幅(ATR 通道應用)；趨勢跟隨(趨勢跟隨),SuperTrend,19,SuperTrend 創作者，該指標以 ATR 與倍數形成趨勢方向線，在交易平台中非常常見。,https://www.tradingview.com/support/solutions/43000634738-supertrend/；https://www.investopedia.com/supertrend-indicator-7976167
74,漢克・普魯登,Hank Pruden,United States,1936-2018,學者、Wyckoff 教育者、CMT 社群人物,educator,威科夫方法(教育者)；成交量分析(供需/量價)；交易系統(三大交易技能),The Three Skills of Top Trading,21,將 Wyckoff 方法帶入學術與 CMT 教育脈絡，適合威科夫方法專家分類。,https://www.wyckoffanalytics.com/hank-pruden/；https://chartschool.stockcharts.com/table-of-contents/market-analysis/wyckoff-analysis-articles/the-wyckoff-method-a-tutorial
75,大衛・韋斯,David Weis,United States,1942-2020,Wyckoff 交易者、作家,educator,威科夫方法(現代改編者)；成交量分析(Weis Wave)；價格行為(價格量能),Trades About to Happen,20,把 Wyckoff 原理改編為現代量價與 Weis Wave 工具，是威科夫實戰資料的重要人物。,https://www.wyckoffanalytics.com/david-weis/；https://books.google.com/books/about/Trades_About_to_Happen.html?id=IPw1CgAAQBAJ
76,湯姆・威廉斯,Tom Williams,United Kingdom,1929-2016,VSA 創始/推廣者、TradeGuider 創辦人,indicator_specialist,VSA 量價差分析(創始/推廣者)；威科夫方法(威科夫衍生)；成交量分析(量價差),Master the Markets,18,Volume Spread Analysis 代表人物，將 Wyckoff 供需觀念整理為 VSA 量價差分析。,https://www.acmetrades.com/tom-williams；https://www.tradeguider.com/resource_center1.asp
77,A・W・科恩,A. W. Cohen,United States,,點數圖作者、Chartcraft 創辦人,charting_specialist,點數圖(3-box reversal 推廣者)；市場寬度(Bullish Percent),How to Use the Three-Point Reversal Method of Point & Figure Stock Market Trading,19,被 StockCharts 介紹為經典 3-box reversal P&F 圖的代表人物之一。,https://chartschool.stockcharts.com/table-of-contents/chart-analysis/point-and-figure-charts/point-and-figure-basics/introduction-to-point-and-figure-charts；https://books.google.com/books/about/How_to_Use_the_Three_point_Reversal_Meth.html?id=iMdEAAAAIAAJ；https://openlibrary.org/works/OL174845W/How_to_use_the_three-point_reversal_method_of_point_figure_stock_market_trading
78,湯瑪斯・多爾西,Thomas J. Dorsey,United States,,點數圖作家、Dorsey Wright 創辦人,charting_specialist,點數圖(現代推廣者)；相對強弱 / 強勢股篩選(P&F 相對強弱),Point & Figure Charting,20,現代 Point & Figure 教育與相對強弱分析代表人物，Nasdaq Dorsey Wright 方法與其相關。,https://www.investopedia.com/terms/p/pointandfigurechart.asp；https://oxlive.dorseywright.com/university/faq.html
79,傑瑞米・杜普萊西斯,Jeremy du Plessis,South Africa / United Kingdom,,點數圖作家,charting_specialist,點數圖(現代教材作者)；布林通道(P&F 結合指標)；RSI 相對強弱指數(P&F 結合指標),The Definitive Guide to Point and Figure；21st Century Point and Figure,20,點數圖現代教材代表作者，尤其適合 P&F 與其他技術指標整合分類。,https://harriman-house.com/authors/jeremy-du-plessis/21st-century-point-and-figure/9780857194428
80,彼得・史戴梅爾,J. Peter Steidlmayer,United States,,CBOT 交易員、Market Profile 創始者,indicator_creator,Market Profile(創始者)；成交量分析(價格時間分佈)；支撐阻力(價值區),Markets and Market Logic；Steidlmayer on Markets,22,Market Profile 創始者，把拍賣市場、時間價格機會與價值區概念帶入交易分析。,https://www.profiletrading.com/about/
81,詹姆斯・道爾頓,James F. Dalton,United States,,Market Profile 作家、教育者,author_practitioner,Market Profile(推廣者/作者)；價格行為(拍賣市場邏輯),Mind Over Markets；Markets in Profile,20,Market Profile 主要教材作者之一，讓拍賣市場與市場結構方法更容易被交易者使用。,https://jimdaltontrading.com/books/
82,馬克・費雪,Mark B. Fisher,United States,,交易所交易者、ACD 方法作者,practitioner_author,ACD 開盤區間法(創始者)；開盤區間突破(開盤區間)；支撐阻力(Pivot range),The Logical Trader,21,ACD 方法以開盤區間、A/C 點與 Pivot Range 判斷趨勢強弱，常見於短線/商品交易。,https://www.investopedia.com/articles/technical/04/032404.asp；https://www.investopedia.com/articles/technical/04/040704.asp
83,托比・克拉貝爾,Toby Crabel,United States,,交易者、開盤區間突破作者,practitioner_author,開盤區間突破(代表作者)；價格行為(Narrow Range 型態)；波動率(波動擴張),Day Trading with Short Term Price Patterns and Opening Range Breakout,20,短線價格型態、Narrow Range 與 Opening Range Breakout 的重要作者。,https://oxfordstrat.com/trading-strategies/toby-crabel-narrow-range-1/
84,維克多・斯佩蘭迪奧,Victor Sperandeo,United States,1945-,交易者、作家,practitioner_author,價格行為(2B 型態)；趨勢跟隨(1-2-3 反轉)；支撐阻力(趨勢線),Trader Vic: Methods of a Wall Street Master,19,Trader Vic 2B 與 1-2-3 反轉方法常被技術交易者引用，用於趨勢失敗與反轉判斷。,https://thepatternsite.com/2B.html
85,羅伯特・邁納,Robert C. Miner,United States,,技術分析軟體/教育者、作家,author_practitioner,艾略特波浪(波浪/時間價格)；費波納契時間/價格(時間價格)；動量(多週期動量),Dynamic Trading,20,Dynamic Trading 結合時間、價格、型態與動量，常被波浪與 Fibonacci 交易者引用。,https://dynamictraders.com/dt-books/；https://books.google.com/books/about/Dynamic_Trading.html?id=ymtaAAAAYAAJ；https://www.amazon.com/Dynamic-Trading-Practical-Strategies-Investors/dp/093438083X
86,卡洛琳・波羅登,Carolyn Boroden,United States,,Fibonacci 技術分析師、作家,indicator_specialist,費波納契時間/價格(時間價格專家)；支撐阻力(價格叢集)；艾略特波浪(波浪/時間),Fibonacci Trading,18,以 Fibonacci 時間與價格分析聞名，適合專屬歸檔於 Fibonacci 分析專家。,https://www.moneyshow.com/expert/ote17731/carolyn-boroden/；https://www.elliottwavetrader.net/analyst/Carolyn-Boroden
87,喬・迪納波利,Joe DiNapoli,United States,,Fibonacci 交易方法作者,indicator_specialist,費波納契時間/價格(DiNapoli Levels)；支撐阻力(價格叢集),DiNapoli Levels,19,DiNapoli Levels 是 Fibonacci 回撤/擴展的實戰化方法，常用於關鍵支撐阻力。,https://www.mql5.com/en/articles/3061；https://www.amazon.com/DiNapoli-Levels-Practical-Application-Investment/dp/1891159046；https://www.moneyshow.com/expert/2160spk/
88,艾倫・安德魯斯,Alan Andrews,United States,,Median Line / Pitchfork 方法創作者,indicator_creator,安德魯分叉線(創始者)；支撐阻力(中線/通道)；價格行為(擺動點),Andrews' Pitchfork,19,Andrews' Pitchfork 以三點繪製中線與平行通道，是支撐阻力和趨勢通道工具。,https://www.investopedia.com/articles/forex/05/andrewspitchfork.asp；https://www.optuma.com/blog/pitchforks-part-1
89,亞瑟・梅里爾,Arthur A. Merrill,United States,1906-2006,技術分析作家、統計研究者,author_researcher,圖表型態(M/W 型態)；週期分析(Filtered Waves)；回測與系統驗證(型態統計),Filtered Waves: Basic Theory；Behavior of Prices on Wall Street,18,以 M/W 型態與 Filtered Waves 著作聞名，是早期量化型圖表研究人物。,https://www.amazon.com/Filtered-Waves-Basic-Theory-Analysis/dp/0911894365；https://books.google.com/books/about/Behavior_of_Prices_on_Wall_Street.html?id=wEsUAQAAMAAJ；https://openlibrary.org/books/OL5991950M/Behavior_of_prices_on_Wall_Street.
90,漢弗萊・尼爾,Humphrey B. Neill,United States,1895-1977,市場心理/讀帶作家,author,讀帶 / 盤口判讀(經典作者)；市場情緒(逆向思考)；價格行為(市場心理),Tape Reading and Market Tactics；The Art of Contrary Thinking,18,讀帶與逆向思考經典作者，適合情緒、盤口與早期技術分析文獻分類。,https://books.google.com/books/about/Tape_Reading_and_Market_Tactics.html?id=XuiREQAAQBAJ
91,華特・迪默,Walter Deemer,United States,,技術分析師、作家,practitioner_author,趨勢跟隨(市場時機)；市場寬度(市場備忘錄)；市場情緒(市場心理),Deemer on Technical Analysis；Market Memos,19,長期市場技術分析師，著作與 Market Memos 檔案適合作為近代市場評論文獻。,https://www.walterdeemer.com/；https://deemermarketmemos.com/
92,內德・戴維斯,Ned Davis,United States,,量化市場研究機構創辦人,researcher,市場寬度(市場指標)；市場情緒(情緒模型)；實證技術分析(量化市場研究),Being Right or Making Money；The Research Driven Investor,20,Ned Davis Research 長期以廣度、情緒、總體與技術模型做市場研究，適合指標集合與量化研究分類。,https://info.ndr.com/ndr-signals/which-indicators-should-i-follow；https://www.amazon.com/Being-Right-Making-Money-Davis/dp/1118992067；https://books.google.com/books/about/Being_Right_or_Making_Money.html?id=wLhYBQAAQBAJ；https://info.ndr.com/ndr-signals
93,傑森・戈普弗特,Jason Goepfert,United States,,SentimenTrader 創辦人、Dow Award 得主,researcher,市場情緒(情緒指標)；市場寬度(基金現金/市場指標)；實證技術分析(歷史統計),"Mutual Fund Cash Reserves, The Risk-Free Rate, and Stock Market Performance",20,2004 Charles H. Dow Award 得主，長期研究投資人情緒與市場統計。,https://cmtassociation.org/association/award-recognizing/charles-h-dow-award/
94,巴夫・多米爾,Buff Dormeier,United States,,CMT、量價研究者、Dow Award 得主,researcher_author,成交量分析(量價研究)；市場寬度(成交量廣度)；實證技術分析(Dow Award 研究),Price and Volume: Digging Deeper；Investing with Volume Analysis,22,2007 Charles H. Dow Award 得主，量價與成交量分析著作具資料庫價值。,https://cmtassociation.org/association/award-recognizing/charles-h-dow-award/
95,安德魯・思拉舍,Andrew Thrasher,United States,,CMT、投資組合經理、Dow Award 得主,researcher,波動率(波動/風險)；市場情緒(市場警訊)；市場寬度(市場健康),Forecasting a Volatility Tsunami；The 5% Canary,20,兩度 Charles H. Dow Award 相關得主/研究者，波動率與市場風險研究值得收錄。,https://cmtassociation.org/association/award-recognizing/charles-h-dow-award/
96,亞歷克斯・斯皮羅格魯,Alex Spiroglou,Greece / United Kingdom,,CMT、CFTe、Dow Award 得主,researcher,MACD(MACD-V)；波動率(波動標準化動量)；動量(動量研究),MACD-V: Volatility Normalised Momentum,21,2022 Charles H. Dow Award 得主，將 MACD 轉為波動標準化動量框架。,https://cmtassociation.org/association/award-recognizing/charles-h-dow-award/
97,拉爾夫・文斯,Ralph Vince,United States,,風險/資金管理作者、Dow Award 得主,researcher_author,市場寬度(新低數研究)；交易系統(資金管理)；實證技術分析(統計研究),The Mathematics of Money Management；The Ripple Effect of Daily New Lows,22,資金管理與風險數學作者，2024 Dow Award 研究把每日新低數作為市場廣度訊號。,https://cmtassociation.org/association/award-recognizing/charles-h-dow-award/
98,蓋瑞・安東納奇,Gary Antonacci,United States,,動量投資作者、Dow Award 得主,researcher_author,動量(雙動量)；趨勢跟隨(產業趨勢)；相對強弱 / 強勢股篩選(相對/絕對動量),Dual Momentum Investing；A Century of Profitable Industry Trends,21,動量投資作者，2025 Charles H. Dow Award 共同得主，適合動量與產業趨勢研究分類。,https://cmtassociation.org/association/award-recognizing/charles-h-dow-award/
99,安德魯・羅,Andrew W. Lo,United States,1960-,MIT 金融學者,academic,實證技術分析(學術研究)；圖表型態(計算型型態識別)；回測與系統驗證(統計推論),Foundations of Technical Analysis；The Evolution of Technical Analysis,22,將技術分析型態以計算演算法與統計推論研究，是學術文獻中的代表人物。,https://papers.ssrn.com/sol3/papers.cfm?abstract_id=228099；https://ideas.repec.org/p/nbr/nberwo/7613.html
100,大衛・阿隆森,David Aronson,United States,,實證技術分析作者、系統研究者,academic_practitioner,實證技術分析(代表作者)；回測與系統驗證(資料探勘校正)；交易系統(客觀規則),Evidence-Based Technical Analysis,21,主張用科學方法與統計檢定評估技術交易訊號，是建立資料庫時避免迷信指標的重要參考。,https://www.wiley.com/en-ca/Evidence-Based%2BTechnical%2BAnalysis%3A%2BApplying%2Bthe%2BScientific%2BMethod%2Band%2BStatistical%2BInference%2Bto%2BTrading%2BSignals-p-9780470008744；https://www.amazon.com/Evidence-Based-Technical-Analysis-Scientific-Statistical/dp/0470008741
