concept_slug,concept_zh,concept_en,concept_family,expert_count,has_common_research,winner_expert_ids,winner_zh,winner_en,winner_score,runner_up_zh,runner_up_en,judgment_zh,judgment_en,basis_zh,basis_en,caveat_zh,caveat_en
acd-method,ACD 開盤區間法,ACD Method,breakout,1,no,mark-b-fisher,馬克・費雪,Mark B. Fisher,94.55,無直接補充專家；目前資料庫只收錄一位核心專家,No direct runner-up; current database maps one core expert only,馬克・費雪是目前資料庫中唯一對應「ACD 開盤區間法」的核心專家。,Mark B. Fisher is the only expert currently mapped to ACD Method in this database.,評分依據：原創/共同創作權重、專家總分、材料數、來源數、高證據來源、類別專屬性；必要時對明確共同創作者採並列優勝。,"Basis: originality/co-creation weight, expert total score, material count, source count, high-evidence sources, and category specificity; clear co-creators may be judged as joint winners.",此為本地資料庫目前證據下的優先研究判斷，不等於投資建議或永久排名。,"This is a priority-for-study judgment under the current local evidence base, not investment advice or a permanent ranking."
adaptive-moving-average,自適應均線,Adaptive Moving Average,trend,1,no,perry-j-kaufman,佩里・考夫曼,Perry J. Kaufman,98.75,無直接補充專家；目前資料庫只收錄一位核心專家,No direct runner-up; current database maps one core expert only,佩里・考夫曼是目前資料庫中唯一對應「自適應均線」的核心專家。,Perry J. Kaufman is the only expert currently mapped to Adaptive Moving Average in this database.,評分依據：原創/共同創作權重、專家總分、材料數、來源數、高證據來源、類別專屬性；必要時對明確共同創作者採並列優勝。,"Basis: originality/co-creation weight, expert total score, material count, source count, high-evidence sources, and category specificity; clear co-creators may be judged as joint winners.",此為本地資料庫目前證據下的優先研究判斷，不等於投資建議或永久排名。,"This is a priority-for-study judgment under the current local evidence base, not investment advice or a permanent ranking."
adx-dmi,ADX / DMI,Average Directional Index / Directional Movement,trend,1,no,j-welles-wilder-jr,威爾斯・威爾德,J. Welles Wilder Jr.,106.55,無直接補充專家；目前資料庫只收錄一位核心專家,No direct runner-up; current database maps one core expert only,威爾斯・威爾德是目前資料庫中唯一對應「ADX / DMI」的核心專家。,J. Welles Wilder Jr. is the only expert currently mapped to Average Directional Index / Directional Movement in this database.,評分依據：原創/共同創作權重、專家總分、材料數、來源數、高證據來源、類別專屬性；必要時對明確共同創作者採並列優勝。,"Basis: originality/co-creation weight, expert total score, material count, source count, high-evidence sources, and category specificity; clear co-creators may be judged as joint winners.",此為本地資料庫目前證據下的優先研究判斷，不等於投資建議或永久排名。,"This is a priority-for-study judgment under the current local evidence base, not investment advice or a permanent ranking."
andrew-pitchfork,安德魯分叉線,Andrews' Pitchfork,support_resistance,1,no,alan-andrews,艾倫・安德魯斯,Alan Andrews,99.15,無直接補充專家；目前資料庫只收錄一位核心專家,No direct runner-up; current database maps one core expert only,艾倫・安德魯斯是目前資料庫中唯一對應「安德魯分叉線」的核心專家。,Alan Andrews is the only expert currently mapped to Andrews' Pitchfork in this database.,評分依據：原創/共同創作權重、專家總分、材料數、來源數、高證據來源、類別專屬性；必要時對明確共同創作者採並列優勝。,"Basis: originality/co-creation weight, expert total score, material count, source count, high-evidence sources, and category specificity; clear co-creators may be judged as joint winners.",此為本地資料庫目前證據下的優先研究判斷，不等於投資建議或永久排名。,"This is a priority-for-study judgment under the current local evidence base, not investment advice or a permanent ranking."
aroon,Aroon 指標,Aroon,trend,1,no,tushar-s-chande,圖沙・昌德,Tushar S. Chande,107.2,無直接補充專家；目前資料庫只收錄一位核心專家,No direct runner-up; current database maps one core expert only,圖沙・昌德是目前資料庫中唯一對應「Aroon 指標」的核心專家。,Tushar S. Chande is the only expert currently mapped to Aroon in this database.,評分依據：原創/共同創作權重、專家總分、材料數、來源數、高證據來源、類別專屬性；必要時對明確共同創作者採並列優勝。,"Basis: originality/co-creation weight, expert total score, material count, source count, high-evidence sources, and category specificity; clear co-creators may be judged as joint winners.",此為本地資料庫目前證據下的優先研究判斷，不等於投資建議或永久排名。,"This is a priority-for-study judgment under the current local evidence base, not investment advice or a permanent ranking."
atr,ATR 平均真實波幅,Average True Range,volatility,2,yes,j-welles-wilder-jr,威爾斯・威爾德,J. Welles Wilder Jr.,118.55,奧利維耶・塞班,Olivier Seban,威爾斯・威爾德優勝，因其在原創性、專屬性與資料覆蓋上最強；主要對照者為奧利維耶・塞班。,"J. Welles Wilder Jr. wins because of the strongest mix of originality, specificity, and evidence coverage; main comparison: Olivier Seban.",評分依據：原創/共同創作權重、專家總分、材料數、來源數、高證據來源、類別專屬性；必要時對明確共同創作者採並列優勝。,"Basis: originality/co-creation weight, expert total score, material count, source count, high-evidence sources, and category specificity; clear co-creators may be judged as joint winners.",此為本地資料庫目前證據下的優先研究判斷，不等於投資建議或永久排名。,"This is a priority-for-study judgment under the current local evidence base, not investment advice or a permanent ranking."
backtesting,回測與系統驗證,Backtesting,research,9,yes,david-aronson,大衛・阿隆森,David Aronson,79.25,茱莉・達爾奎斯特、湯瑪斯・布考斯基,Julie R. Dahlquist / Thomas N. Bulkowski,大衛・阿隆森優勝，因其在原創性、專屬性與資料覆蓋上最強；主要對照者為茱莉・達爾奎斯特、湯瑪斯・布考斯基。,"David Aronson wins because of the strongest mix of originality, specificity, and evidence coverage; main comparison: Julie R. Dahlquist / Thomas N. Bulkowski.",評分依據：原創/共同創作權重、專家總分、材料數、來源數、高證據來源、類別專屬性；必要時對明確共同創作者採並列優勝。,"Basis: originality/co-creation weight, expert total score, material count, source count, high-evidence sources, and category specificity; clear co-creators may be judged as joint winners.",此為本地資料庫目前證據下的優先研究判斷，不等於投資建議或永久排名。,"This is a priority-for-study judgment under the current local evidence base, not investment advice or a permanent ranking."
bollinger-bands,布林通道,Bollinger Bands,volatility,2,yes,john-bollinger,約翰・布林格,John Bollinger,118.7,傑瑞米・杜普萊西斯,Jeremy du Plessis,約翰・布林格優勝，因其在原創性、專屬性與資料覆蓋上最強；主要對照者為傑瑞米・杜普萊西斯。,"John Bollinger wins because of the strongest mix of originality, specificity, and evidence coverage; main comparison: Jeremy du Plessis.",評分依據：原創/共同創作權重、專家總分、材料數、來源數、高證據來源、類別專屬性；必要時對明確共同創作者採並列優勝。,"Basis: originality/co-creation weight, expert total score, material count, source count, high-evidence sources, and category specificity; clear co-creators may be judged as joint winners.",此為本地資料庫目前證據下的優先研究判斷，不等於投資建議或永久排名。,"This is a priority-for-study judgment under the current local evidence base, not investment advice or a permanent ranking."
breadth,市場寬度,Market Breadth,breadth,14,yes,ned-davis,內德・戴維斯,Ned Davis,82.0,拉瑞・威廉斯、拉爾夫・文斯,Larry Williams / Ralph Vince,內德・戴維斯優勝，因其在原創性、專屬性與資料覆蓋上最強；主要對照者為拉瑞・威廉斯、拉爾夫・文斯。,"Ned Davis wins because of the strongest mix of originality, specificity, and evidence coverage; main comparison: Larry Williams / Ralph Vince.",評分依據：原創/共同創作權重、專家總分、材料數、來源數、高證據來源、類別專屬性；必要時對明確共同創作者採並列優勝。,"Basis: originality/co-creation weight, expert total score, material count, source count, high-evidence sources, and category specificity; clear co-creators may be judged as joint winners.",此為本地資料庫目前證據下的優先研究判斷，不等於投資建議或永久排名。,"This is a priority-for-study judgment under the current local evidence base, not investment advice or a permanent ranking."
can-slim,CAN SLIM,CAN SLIM,stock_selection,1,no,william-j-o-neil,威廉・歐尼爾,William J. O'Neil,95.4,無直接補充專家；目前資料庫只收錄一位核心專家,No direct runner-up; current database maps one core expert only,威廉・歐尼爾是目前資料庫中唯一對應「CAN SLIM」的核心專家。,William J. O'Neil is the only expert currently mapped to CAN SLIM in this database.,評分依據：原創/共同創作權重、專家總分、材料數、來源數、高證據來源、類別專屬性；必要時對明確共同創作者採並列優勝。,"Basis: originality/co-creation weight, expert total score, material count, source count, high-evidence sources, and category specificity; clear co-creators may be judged as joint winners.",此為本地資料庫目前證據下的優先研究判斷，不等於投資建議或永久排名。,"This is a priority-for-study judgment under the current local evidence base, not investment advice or a permanent ranking."
candlestick,K 線 / 蠟燭圖,Candlestick Charting,charting,3,yes,steve-nison,史蒂夫・尼森,Steve Nison,93.15,湯瑪斯・布考斯基、本間宗久,Thomas N. Bulkowski / Munehisa Homma,史蒂夫・尼森優勝，因其在原創性、專屬性與資料覆蓋上最強；主要對照者為湯瑪斯・布考斯基、本間宗久。,"Steve Nison wins because of the strongest mix of originality, specificity, and evidence coverage; main comparison: Thomas N. Bulkowski / Munehisa Homma.",評分依據：原創/共同創作權重、專家總分、材料數、來源數、高證據來源、類別專屬性；必要時對明確共同創作者採並列優勝。,"Basis: originality/co-creation weight, expert total score, material count, source count, high-evidence sources, and category specificity; clear co-creators may be judged as joint winners.",此為本地資料庫目前證據下的優先研究判斷，不等於投資建議或永久排名。,"This is a priority-for-study judgment under the current local evidence base, not investment advice or a permanent ranking."
cci,CCI 商品通道指標,Commodity Channel Index,momentum,1,no,donald-r-lambert,唐納德・蘭伯特,Donald R. Lambert,99.7,無直接補充專家；目前資料庫只收錄一位核心專家,No direct runner-up; current database maps one core expert only,唐納德・蘭伯特是目前資料庫中唯一對應「CCI 商品通道指標」的核心專家。,Donald R. Lambert is the only expert currently mapped to Commodity Channel Index in this database.,評分依據：原創/共同創作權重、專家總分、材料數、來源數、高證據來源、類別專屬性；必要時對明確共同創作者採並列優勝。,"Basis: originality/co-creation weight, expert total score, material count, source count, high-evidence sources, and category specificity; clear co-creators may be judged as joint winners.",此為本地資料庫目前證據下的優先研究判斷，不等於投資建議或永久排名。,"This is a priority-for-study judgment under the current local evidence base, not investment advice or a permanent ranking."
chaikin-money-flow,Chaikin 資金流,Chaikin Money Flow,volume,1,no,marc-chaikin,馬克・柴金,Marc Chaikin,100.2,無直接補充專家；目前資料庫只收錄一位核心專家,No direct runner-up; current database maps one core expert only,馬克・柴金是目前資料庫中唯一對應「Chaikin 資金流」的核心專家。,Marc Chaikin is the only expert currently mapped to Chaikin Money Flow in this database.,評分依據：原創/共同創作權重、專家總分、材料數、來源數、高證據來源、類別專屬性；必要時對明確共同創作者採並列優勝。,"Basis: originality/co-creation weight, expert total score, material count, source count, high-evidence sources, and category specificity; clear co-creators may be judged as joint winners.",此為本地資料庫目前證據下的優先研究判斷，不等於投資建議或永久排名。,"This is a priority-for-study judgment under the current local evidence base, not investment advice or a permanent ranking."
chart-patterns,圖表型態,Chart Patterns,charting,12,yes,thomas-n-bulkowski,湯瑪斯・布考斯基,Thomas N. Bulkowski,86.45,茱莉・達爾奎斯特、羅伯特・愛德華茲,Julie R. Dahlquist / Robert D. Edwards,湯瑪斯・布考斯基優勝，因其在原創性、專屬性與資料覆蓋上最強；主要對照者為茱莉・達爾奎斯特、羅伯特・愛德華茲。,"Thomas N. Bulkowski wins because of the strongest mix of originality, specificity, and evidence coverage; main comparison: Julie R. Dahlquist / Robert D. Edwards.",評分依據：原創/共同創作權重、專家總分、材料數、來源數、高證據來源、類別專屬性；必要時對明確共同創作者採並列優勝。,"Basis: originality/co-creation weight, expert total score, material count, source count, high-evidence sources, and category specificity; clear co-creators may be judged as joint winners.",此為本地資料庫目前證據下的優先研究判斷，不等於投資建議或永久排名。,"This is a priority-for-study judgment under the current local evidence base, not investment advice or a permanent ranking."
cmo,Chande 動量震盪器,Chande Momentum Oscillator,momentum,1,no,tushar-s-chande,圖沙・昌德,Tushar S. Chande,107.2,無直接補充專家；目前資料庫只收錄一位核心專家,No direct runner-up; current database maps one core expert only,圖沙・昌德是目前資料庫中唯一對應「Chande 動量震盪器」的核心專家。,Tushar S. Chande is the only expert currently mapped to Chande Momentum Oscillator in this database.,評分依據：原創/共同創作權重、專家總分、材料數、來源數、高證據來源、類別專屬性；必要時對明確共同創作者採並列優勝。,"Basis: originality/co-creation weight, expert total score, material count, source count, high-evidence sources, and category specificity; clear co-creators may be judged as joint winners.",此為本地資料庫目前證據下的優先研究判斷，不等於投資建議或永久排名。,"This is a priority-for-study judgment under the current local evidence base, not investment advice or a permanent ranking."
connors-rsi,Connors RSI,ConnorsRSI,momentum,1,no,laurence-a-connors,拉倫斯・康納斯,Laurence A. Connors,107.8,無直接補充專家；目前資料庫只收錄一位核心專家,No direct runner-up; current database maps one core expert only,拉倫斯・康納斯是目前資料庫中唯一對應「Connors RSI」的核心專家。,Laurence A. Connors is the only expert currently mapped to ConnorsRSI in this database.,評分依據：原創/共同創作權重、專家總分、材料數、來源數、高證據來源、類別專屬性；必要時對明確共同創作者採並列優勝。,"Basis: originality/co-creation weight, expert total score, material count, source count, high-evidence sources, and category specificity; clear co-creators may be judged as joint winners.",此為本地資料庫目前證據下的優先研究判斷，不等於投資建議或永久排名。,"This is a priority-for-study judgment under the current local evidence base, not investment advice or a permanent ranking."
coppock-curve,Coppock 曲線,Coppock Curve,momentum,1,no,edwin-s-coppock,艾德溫・科波克,Edwin S. Coppock,103.0,無直接補充專家；目前資料庫只收錄一位核心專家,No direct runner-up; current database maps one core expert only,艾德溫・科波克是目前資料庫中唯一對應「Coppock 曲線」的核心專家。,Edwin S. Coppock is the only expert currently mapped to Coppock Curve in this database.,評分依據：原創/共同創作權重、專家總分、材料數、來源數、高證據來源、類別專屬性；必要時對明確共同創作者採並列優勝。,"Basis: originality/co-creation weight, expert total score, material count, source count, high-evidence sources, and category specificity; clear co-creators may be judged as joint winners.",此為本地資料庫目前證據下的優先研究判斷，不等於投資建議或永久排名。,"This is a priority-for-study judgment under the current local evidence base, not investment advice or a permanent ranking."
cup-with-handle,杯柄形態,Cup With Handle,charting,2,yes,william-j-o-neil,威廉・歐尼爾,William J. O'Neil,75.4,馬克・米勒維尼,Mark Minervini,威廉・歐尼爾優勝，因其在原創性、專屬性與資料覆蓋上最強；主要對照者為馬克・米勒維尼。,"William J. O'Neil wins because of the strongest mix of originality, specificity, and evidence coverage; main comparison: Mark Minervini.",評分依據：原創/共同創作權重、專家總分、材料數、來源數、高證據來源、類別專屬性；必要時對明確共同創作者採並列優勝。,"Basis: originality/co-creation weight, expert total score, material count, source count, high-evidence sources, and category specificity; clear co-creators may be judged as joint winners.",此為本地資料庫目前證據下的優先研究判斷，不等於投資建議或永久排名。,"This is a priority-for-study judgment under the current local evidence base, not investment advice or a permanent ranking."
cycle-analysis,週期分析,Cycle Analysis,cycle,6,yes,john-f-ehlers,約翰・艾勒斯,John F. Ehlers,84.5,威廉・江恩、拉爾夫・尼爾森・艾略特,W. D. Gann / Ralph Nelson Elliott,約翰・艾勒斯優勝，因其在原創性、專屬性與資料覆蓋上最強；主要對照者為威廉・江恩、拉爾夫・尼爾森・艾略特。,"John F. Ehlers wins because of the strongest mix of originality, specificity, and evidence coverage; main comparison: W. D. Gann / Ralph Nelson Elliott.",評分依據：原創/共同創作權重、專家總分、材料數、來源數、高證據來源、類別專屬性；必要時對明確共同創作者採並列優勝。,"Basis: originality/co-creation weight, expert total score, material count, source count, high-evidence sources, and category specificity; clear co-creators may be judged as joint winners.",此為本地資料庫目前證據下的優先研究判斷，不等於投資建議或永久排名。,"This is a priority-for-study judgment under the current local evidence base, not investment advice or a permanent ranking."
demark-indicators,DeMark 指標,DeMARK Indicators,market_timing,1,no,tom-demark,湯姆・迪馬克,Tom DeMark,106.0,無直接補充專家；目前資料庫只收錄一位核心專家,No direct runner-up; current database maps one core expert only,湯姆・迪馬克是目前資料庫中唯一對應「DeMark 指標」的核心專家。,Tom DeMark is the only expert currently mapped to DeMARK Indicators in this database.,評分依據：原創/共同創作權重、專家總分、材料數、來源數、高證據來源、類別專屬性；必要時對明確共同創作者採並列優勝。,"Basis: originality/co-creation weight, expert total score, material count, source count, high-evidence sources, and category specificity; clear co-creators may be judged as joint winners.",此為本地資料庫目前證據下的優先研究判斷，不等於投資建議或永久排名。,"This is a priority-for-study judgment under the current local evidence base, not investment advice or a permanent ranking."
donchian-channel,唐奇安通道,Donchian Channel,trend,1,no,richard-donchian,理查・唐奇安,Richard Donchian,102.3,無直接補充專家；目前資料庫只收錄一位核心專家,No direct runner-up; current database maps one core expert only,理查・唐奇安是目前資料庫中唯一對應「唐奇安通道」的核心專家。,Richard Donchian is the only expert currently mapped to Donchian Channel in this database.,評分依據：原創/共同創作權重、專家總分、材料數、來源數、高證據來源、類別專屬性；必要時對明確共同創作者採並列優勝。,"Basis: originality/co-creation weight, expert total score, material count, source count, high-evidence sources, and category specificity; clear co-creators may be judged as joint winners.",此為本地資料庫目前證據下的優先研究判斷，不等於投資建議或永久排名。,"This is a priority-for-study judgment under the current local evidence base, not investment advice or a permanent ranking."
dow-theory,道氏理論,Dow Theory,foundation,7,yes,charles-h-dow,查爾斯・道,Charles H. Dow,109.35,威廉・彼得・漢密爾頓、羅伯特・里亞,William Peter Hamilton / Robert Rhea,查爾斯・道優勝，因其在原創性、專屬性與資料覆蓋上最強；主要對照者為威廉・彼得・漢密爾頓、羅伯特・里亞。,"Charles H. Dow wins because of the strongest mix of originality, specificity, and evidence coverage; main comparison: William Peter Hamilton / Robert Rhea.",評分依據：原創/共同創作權重、專家總分、材料數、來源數、高證據來源、類別專屬性；必要時對明確共同創作者採並列優勝。,"Basis: originality/co-creation weight, expert total score, material count, source count, high-evidence sources, and category specificity; clear co-creators may be judged as joint winners.",此為本地資料庫目前證據下的優先研究判斷，不等於投資建議或永久排名。,"This is a priority-for-study judgment under the current local evidence base, not investment advice or a permanent ranking."
ehlers-filters,Ehlers 濾波器,Ehlers Filters,cycle,1,no,john-f-ehlers,約翰・艾勒斯,John F. Ehlers,75.5,無直接補充專家；目前資料庫只收錄一位核心專家,No direct runner-up; current database maps one core expert only,約翰・艾勒斯是目前資料庫中唯一對應「Ehlers 濾波器」的核心專家。,John F. Ehlers is the only expert currently mapped to Ehlers Filters in this database.,評分依據：原創/共同創作權重、專家總分、材料數、來源數、高證據來源、類別專屬性；必要時對明確共同創作者採並列優勝。,"Basis: originality/co-creation weight, expert total score, material count, source count, high-evidence sources, and category specificity; clear co-creators may be judged as joint winners.",此為本地資料庫目前證據下的優先研究判斷，不等於投資建議或永久排名。,"This is a priority-for-study judgment under the current local evidence base, not investment advice or a permanent ranking."
elder-ray,Elder-Ray,Elder-Ray Index,momentum,1,no,alexander-elder,亞歷山大・艾爾德,Alexander Elder,103.9,無直接補充專家；目前資料庫只收錄一位核心專家,No direct runner-up; current database maps one core expert only,亞歷山大・艾爾德是目前資料庫中唯一對應「Elder-Ray」的核心專家。,Alexander Elder is the only expert currently mapped to Elder-Ray Index in this database.,評分依據：原創/共同創作權重、專家總分、材料數、來源數、高證據來源、類別專屬性；必要時對明確共同創作者採並列優勝。,"Basis: originality/co-creation weight, expert total score, material count, source count, high-evidence sources, and category specificity; clear co-creators may be judged as joint winners.",此為本地資料庫目前證據下的優先研究判斷，不等於投資建議或永久排名。,"This is a priority-for-study judgment under the current local evidence base, not investment advice or a permanent ranking."
elliott-wave,艾略特波浪,Elliott Wave,wave,6,yes,ralph-nelson-elliott,拉爾夫・尼爾森・艾略特,Ralph Nelson Elliott,109.3,羅伯特・普萊切特、A・J・佛羅斯特,Robert Prechter / A. J. Frost,拉爾夫・尼爾森・艾略特優勝，因其在原創性、專屬性與資料覆蓋上最強；主要對照者為羅伯特・普萊切特、A・J・佛羅斯特。,"Ralph Nelson Elliott wins because of the strongest mix of originality, specificity, and evidence coverage; main comparison: Robert Prechter / A. J. Frost.",評分依據：原創/共同創作權重、專家總分、材料數、來源數、高證據來源、類別專屬性；必要時對明確共同創作者採並列優勝。,"Basis: originality/co-creation weight, expert total score, material count, source count, high-evidence sources, and category specificity; clear co-creators may be judged as joint winners.",此為本地資料庫目前證據下的優先研究判斷，不等於投資建議或永久排名。,"This is a priority-for-study judgment under the current local evidence base, not investment advice or a permanent ranking."
evidence-based-ta,實證技術分析,Evidence-Based Technical Analysis,research,12,yes,david-aronson,大衛・阿隆森,David Aronson,82.25,安德魯・羅、巴夫・多米爾,Andrew W. Lo / Buff Dormeier,大衛・阿隆森優勝，因其在原創性、專屬性與資料覆蓋上最強；主要對照者為安德魯・羅、巴夫・多米爾。,"David Aronson wins because of the strongest mix of originality, specificity, and evidence coverage; main comparison: Andrew W. Lo / Buff Dormeier.",評分依據：原創/共同創作權重、專家總分、材料數、來源數、高證據來源、類別專屬性；必要時對明確共同創作者採並列優勝。,"Basis: originality/co-creation weight, expert total score, material count, source count, high-evidence sources, and category specificity; clear co-creators may be judged as joint winners.",此為本地資料庫目前證據下的優先研究判斷，不等於投資建議或永久排名。,"This is a priority-for-study judgment under the current local evidence base, not investment advice or a permanent ranking."
fibonacci,費波納契時間/價格,Fibonacci Time and Price,support_resistance,3,yes,joe-dinapoli,喬・迪納波利,Joe DiNapoli,75.95,卡洛琳・波羅登、羅伯特・邁納,Carolyn Boroden / Robert C. Miner,喬・迪納波利優勝，因其在原創性、專屬性與資料覆蓋上最強；主要對照者為卡洛琳・波羅登、羅伯特・邁納。,"Joe DiNapoli wins because of the strongest mix of originality, specificity, and evidence coverage; main comparison: Carolyn Boroden / Robert C. Miner.",評分依據：原創/共同創作權重、專家總分、材料數、來源數、高證據來源、類別專屬性；必要時對明確共同創作者採並列優勝。,"Basis: originality/co-creation weight, expert total score, material count, source count, high-evidence sources, and category specificity; clear co-creators may be judged as joint winners.",此為本地資料庫目前證據下的優先研究判斷，不等於投資建議或永久排名。,"This is a priority-for-study judgment under the current local evidence base, not investment advice or a permanent ranking."
force-index,Force Index,Force Index,volume,1,no,alexander-elder,亞歷山大・艾爾德,Alexander Elder,103.9,無直接補充專家；目前資料庫只收錄一位核心專家,No direct runner-up; current database maps one core expert only,亞歷山大・艾爾德是目前資料庫中唯一對應「Force Index」的核心專家。,Alexander Elder is the only expert currently mapped to Force Index in this database.,評分依據：原創/共同創作權重、專家總分、材料數、來源數、高證據來源、類別專屬性；必要時對明確共同創作者採並列優勝。,"Basis: originality/co-creation weight, expert total score, material count, source count, high-evidence sources, and category specificity; clear co-creators may be judged as joint winners.",此為本地資料庫目前證據下的優先研究判斷，不等於投資建議或永久排名。,"This is a priority-for-study judgment under the current local evidence base, not investment advice or a permanent ranking."
gann,江恩理論,Gann Methods,cycle,1,no,w-d-gann,威廉・江恩,W. D. Gann,103.7,無直接補充專家；目前資料庫只收錄一位核心專家,No direct runner-up; current database maps one core expert only,威廉・江恩是目前資料庫中唯一對應「江恩理論」的核心專家。,W. D. Gann is the only expert currently mapped to Gann Methods in this database.,評分依據：原創/共同創作權重、專家總分、材料數、來源數、高證據來源、類別專屬性；必要時對明確共同創作者採並列優勝。,"Basis: originality/co-creation weight, expert total score, material count, source count, high-evidence sources, and category specificity; clear co-creators may be judged as joint winners.",此為本地資料庫目前證據下的優先研究判斷，不等於投資建議或永久排名。,"This is a priority-for-study judgment under the current local evidence base, not investment advice or a permanent ranking."
guppy-mma,Guppy 多重移動平均,Guppy Multiple Moving Average,trend,1,no,daryl-guppy,達利・古比,Daryl Guppy,100.75,無直接補充專家；目前資料庫只收錄一位核心專家,No direct runner-up; current database maps one core expert only,達利・古比是目前資料庫中唯一對應「Guppy 多重移動平均」的核心專家。,Daryl Guppy is the only expert currently mapped to Guppy Multiple Moving Average in this database.,評分依據：原創/共同創作權重、專家總分、材料數、來源數、高證據來源、類別專屬性；必要時對明確共同創作者採並列優勝。,"Basis: originality/co-creation weight, expert total score, material count, source count, high-evidence sources, and category specificity; clear co-creators may be judged as joint winners.",此為本地資料庫目前證據下的優先研究判斷，不等於投資建議或永久排名。,"This is a priority-for-study judgment under the current local evidence base, not investment advice or a permanent ranking."
hull-ma,Hull 移動平均,Hull Moving Average,trend,1,no,alan-hull,艾倫・霍爾,Alan Hull,99.15,無直接補充專家；目前資料庫只收錄一位核心專家,No direct runner-up; current database maps one core expert only,艾倫・霍爾是目前資料庫中唯一對應「Hull 移動平均」的核心專家。,Alan Hull is the only expert currently mapped to Hull Moving Average in this database.,評分依據：原創/共同創作權重、專家總分、材料數、來源數、高證據來源、類別專屬性；必要時對明確共同創作者採並列優勝。,"Basis: originality/co-creation weight, expert total score, material count, source count, high-evidence sources, and category specificity; clear co-creators may be judged as joint winners.",此為本地資料庫目前證據下的優先研究判斷，不等於投資建議或永久排名。,"This is a priority-for-study judgment under the current local evidence base, not investment advice or a permanent ranking."
ichimoku,一目均衡表,Ichimoku Kinko Hyo,trend,1,no,goichi-hosoda,細田悟一,Goichi Hosoda,102.3,無直接補充專家；目前資料庫只收錄一位核心專家,No direct runner-up; current database maps one core expert only,細田悟一是目前資料庫中唯一對應「一目均衡表」的核心專家。,Goichi Hosoda is the only expert currently mapped to Ichimoku Kinko Hyo in this database.,評分依據：原創/共同創作權重、專家總分、材料數、來源數、高證據來源、類別專屬性；必要時對明確共同創作者採並列優勝。,"Basis: originality/co-creation weight, expert total score, material count, source count, high-evidence sources, and category specificity; clear co-creators may be judged as joint winners.",此為本地資料庫目前證據下的優先研究判斷，不等於投資建議或永久排名。,"This is a priority-for-study judgment under the current local evidence base, not investment advice or a permanent ranking."
kama,KAMA 考夫曼自適應均線,Kaufman Adaptive Moving Average,trend,1,no,perry-j-kaufman,佩里・考夫曼,Perry J. Kaufman,98.75,無直接補充專家；目前資料庫只收錄一位核心專家,No direct runner-up; current database maps one core expert only,佩里・考夫曼是目前資料庫中唯一對應「KAMA 考夫曼自適應均線」的核心專家。,Perry J. Kaufman is the only expert currently mapped to Kaufman Adaptive Moving Average in this database.,評分依據：原創/共同創作權重、專家總分、材料數、來源數、高證據來源、類別專屬性；必要時對明確共同創作者採並列優勝。,"Basis: originality/co-creation weight, expert total score, material count, source count, high-evidence sources, and category specificity; clear co-creators may be judged as joint winners.",此為本地資料庫目前證據下的優先研究判斷，不等於投資建議或永久排名。,"This is a priority-for-study judgment under the current local evidence base, not investment advice or a permanent ranking."
macd,MACD,Moving Average Convergence/Divergence,momentum,2,yes,gerald-appel,傑拉德・阿佩爾,Gerald Appel,121.4,亞歷克斯・斯皮羅格魯,Alex Spiroglou,傑拉德・阿佩爾優勝，因其在原創性、專屬性與資料覆蓋上最強；主要對照者為亞歷克斯・斯皮羅格魯。,"Gerald Appel wins because of the strongest mix of originality, specificity, and evidence coverage; main comparison: Alex Spiroglou.",評分依據：原創/共同創作權重、專家總分、材料數、來源數、高證據來源、類別專屬性；必要時對明確共同創作者採並列優勝。,"Basis: originality/co-creation weight, expert total score, material count, source count, high-evidence sources, and category specificity; clear co-creators may be judged as joint winners.",此為本地資料庫目前證據下的優先研究判斷，不等於投資建議或永久排名。,"This is a priority-for-study judgment under the current local evidence base, not investment advice or a permanent ranking."
market-profile,Market Profile,Market Profile,auction_market,2,yes,j-peter-steidlmayer,彼得・史戴梅爾,J. Peter Steidlmayer,115.4,詹姆斯・道爾頓,James F. Dalton,彼得・史戴梅爾優勝，因其在原創性、專屬性與資料覆蓋上最強；主要對照者為詹姆斯・道爾頓。,"J. Peter Steidlmayer wins because of the strongest mix of originality, specificity, and evidence coverage; main comparison: James F. Dalton.",評分依據：原創/共同創作權重、專家總分、材料數、來源數、高證據來源、類別專屬性；必要時對明確共同創作者採並列優勝。,"Basis: originality/co-creation weight, expert total score, material count, source count, high-evidence sources, and category specificity; clear co-creators may be judged as joint winners.",此為本地資料庫目前證據下的優先研究判斷，不等於投資建議或永久排名。,"This is a priority-for-study judgment under the current local evidence base, not investment advice or a permanent ranking."
market_timing,市場時機,Market Timing,market_timing,1,no,tom-demark,湯姆・迪馬克,Tom DeMark,78.0,無直接補充專家；目前資料庫只收錄一位核心專家,No direct runner-up; current database maps one core expert only,湯姆・迪馬克是目前資料庫中唯一對應「市場時機」的核心專家。,Tom DeMark is the only expert currently mapped to Market Timing in this database.,評分依據：原創/共同創作權重、專家總分、材料數、來源數、高證據來源、類別專屬性；必要時對明確共同創作者採並列優勝。,"Basis: originality/co-creation weight, expert total score, material count, source count, high-evidence sources, and category specificity; clear co-creators may be judged as joint winners.",此為本地資料庫目前證據下的優先研究判斷，不等於投資建議或永久排名。,"This is a priority-for-study judgment under the current local evidence base, not investment advice or a permanent ranking."
mcclellan-oscillator,McClellan Oscillator,McClellan Oscillator,breadth,2,yes,sherman-mcclellan;marian-mcclellan,謝爾曼・麥克萊倫、瑪麗安・麥克萊倫,Sherman McClellan / Marian McClellan,109.2,共同核心專家；不另設補充角色,Joint core experts; no separate runner-up assigned,謝爾曼・麥克萊倫、瑪麗安・麥克萊倫並列優勝；此指標/方法屬共同創作或共同權威，應並讀其資料。,Sherman McClellan / Marian McClellan are joint winners; this indicator/method is best treated as a shared authority.,評分依據：原創/共同創作權重、專家總分、材料數、來源數、高證據來源、類別專屬性；必要時對明確共同創作者採並列優勝。,"Basis: originality/co-creation weight, expert total score, material count, source count, high-evidence sources, and category specificity; clear co-creators may be judged as joint winners.",此為本地資料庫目前證據下的優先研究判斷，不等於投資建議或永久排名。,"This is a priority-for-study judgment under the current local evidence base, not investment advice or a permanent ranking."
mcginley-dynamic,McGinley Dynamic,McGinley Dynamic,trend,1,no,john-r-mcginley,約翰・麥金利,John R. McGinley,101.95,無直接補充專家；目前資料庫只收錄一位核心專家,No direct runner-up; current database maps one core expert only,約翰・麥金利是目前資料庫中唯一對應「McGinley Dynamic」的核心專家。,John R. McGinley is the only expert currently mapped to McGinley Dynamic in this database.,評分依據：原創/共同創作權重、專家總分、材料數、來源數、高證據來源、類別專屬性；必要時對明確共同創作者採並列優勝。,"Basis: originality/co-creation weight, expert total score, material count, source count, high-evidence sources, and category specificity; clear co-creators may be judged as joint winners.",此為本地資料庫目前證據下的優先研究判斷，不等於投資建議或永久排名。,"This is a priority-for-study judgment under the current local evidence base, not investment advice or a permanent ranking."
mfi,MFI 資金流量指標,Money Flow Index,volume,2,yes,gene-quong;avrum-soudack,金・匡、阿夫魯姆・蘇達克,Gene Quong / Avrum Soudack,108.85,共同核心專家；不另設補充角色,Joint core experts; no separate runner-up assigned,金・匡、阿夫魯姆・蘇達克並列優勝；此指標/方法屬共同創作或共同權威，應並讀其資料。,Gene Quong / Avrum Soudack are joint winners; this indicator/method is best treated as a shared authority.,評分依據：原創/共同創作權重、專家總分、材料數、來源數、高證據來源、類別專屬性；必要時對明確共同創作者採並列優勝。,"Basis: originality/co-creation weight, expert total score, material count, source count, high-evidence sources, and category specificity; clear co-creators may be judged as joint winners.",此為本地資料庫目前證據下的優先研究判斷，不等於投資建議或永久排名。,"This is a priority-for-study judgment under the current local evidence base, not investment advice or a permanent ranking."
momentum,動量,Momentum,momentum,12,yes,larry-williams,拉瑞・威廉斯,Larry Williams,76.4,羅伯特・科爾比、馬丁・普林格,Robert W. Colby / Martin J. Pring,拉瑞・威廉斯優勝，因其在原創性、專屬性與資料覆蓋上最強；主要對照者為羅伯特・科爾比、馬丁・普林格。,"Larry Williams wins because of the strongest mix of originality, specificity, and evidence coverage; main comparison: Robert W. Colby / Martin J. Pring.",評分依據：原創/共同創作權重、專家總分、材料數、來源數、高證據來源、類別專屬性；必要時對明確共同創作者採並列優勝。,"Basis: originality/co-creation weight, expert total score, material count, source count, high-evidence sources, and category specificity; clear co-creators may be judged as joint winners.",此為本地資料庫目前證據下的優先研究判斷，不等於投資建議或永久排名。,"This is a priority-for-study judgment under the current local evidence base, not investment advice or a permanent ranking."
moving-average,移動平均,Moving Average,trend,8,yes,gerald-appel,傑拉德・阿佩爾,Gerald Appel,76.4,約翰・墨菲、羅伯特・科爾比,John J. Murphy / Robert W. Colby,傑拉德・阿佩爾優勝，因其在原創性、專屬性與資料覆蓋上最強；主要對照者為約翰・墨菲、羅伯特・科爾比。,"Gerald Appel wins because of the strongest mix of originality, specificity, and evidence coverage; main comparison: John J. Murphy / Robert W. Colby.",評分依據：原創/共同創作權重、專家總分、材料數、來源數、高證據來源、類別專屬性；必要時對明確共同創作者採並列優勝。,"Basis: originality/co-creation weight, expert total score, material count, source count, high-evidence sources, and category specificity; clear co-creators may be judged as joint winners.",此為本地資料庫目前證據下的優先研究判斷，不等於投資建議或永久排名。,"This is a priority-for-study judgment under the current local evidence base, not investment advice or a permanent ranking."
obv,OBV 能量潮,On-Balance Volume,volume,1,no,joseph-granville,約瑟夫・格蘭維爾,Joseph Granville,105.1,無直接補充專家；目前資料庫只收錄一位核心專家,No direct runner-up; current database maps one core expert only,約瑟夫・格蘭維爾是目前資料庫中唯一對應「OBV 能量潮」的核心專家。,Joseph Granville is the only expert currently mapped to On-Balance Volume in this database.,評分依據：原創/共同創作權重、專家總分、材料數、來源數、高證據來源、類別專屬性；必要時對明確共同創作者採並列優勝。,"Basis: originality/co-creation weight, expert total score, material count, source count, high-evidence sources, and category specificity; clear co-creators may be judged as joint winners.",此為本地資料庫目前證據下的優先研究判斷，不等於投資建議或永久排名。,"This is a priority-for-study judgment under the current local evidence base, not investment advice or a permanent ranking."
opening-range-breakout,開盤區間突破,Opening Range Breakout,breakout,3,yes,toby-crabel,托比・克拉貝爾,Toby Crabel,77.7,琳達・布拉德福德・拉什克、馬克・費雪,Linda Bradford Raschke / Mark B. Fisher,托比・克拉貝爾優勝，因其在原創性、專屬性與資料覆蓋上最強；主要對照者為琳達・布拉德福德・拉什克、馬克・費雪。,"Toby Crabel wins because of the strongest mix of originality, specificity, and evidence coverage; main comparison: Linda Bradford Raschke / Mark B. Fisher.",評分依據：原創/共同創作權重、專家總分、材料數、來源數、高證據來源、類別專屬性；必要時對明確共同創作者採並列優勝。,"Basis: originality/co-creation weight, expert total score, material count, source count, high-evidence sources, and category specificity; clear co-creators may be judged as joint winners.",此為本地資料庫目前證據下的優先研究判斷，不等於投資建議或永久排名。,"This is a priority-for-study judgment under the current local evidence base, not investment advice or a permanent ranking."
parabolic-sar,Parabolic SAR,Parabolic SAR,trend,1,no,j-welles-wilder-jr,威爾斯・威爾德,J. Welles Wilder Jr.,106.55,無直接補充專家；目前資料庫只收錄一位核心專家,No direct runner-up; current database maps one core expert only,威爾斯・威爾德是目前資料庫中唯一對應「Parabolic SAR」的核心專家。,J. Welles Wilder Jr. is the only expert currently mapped to Parabolic SAR in this database.,評分依據：原創/共同創作權重、專家總分、材料數、來源數、高證據來源、類別專屬性；必要時對明確共同創作者採並列優勝。,"Basis: originality/co-creation weight, expert total score, material count, source count, high-evidence sources, and category specificity; clear co-creators may be judged as joint winners.",此為本地資料庫目前證據下的優先研究判斷，不等於投資建議或永久排名。,"This is a priority-for-study judgment under the current local evidence base, not investment advice or a permanent ranking."
point-and-figure,點數圖,Point and Figure,charting,3,yes,a-w-cohen,A・W・科恩,A. W. Cohen,79.95,湯瑪斯・多爾西、傑瑞米・杜普萊西斯,Thomas J. Dorsey / Jeremy du Plessis,A・W・科恩優勝，因其在原創性、專屬性與資料覆蓋上最強；主要對照者為湯瑪斯・多爾西、傑瑞米・杜普萊西斯。,"A. W. Cohen wins because of the strongest mix of originality, specificity, and evidence coverage; main comparison: Thomas J. Dorsey / Jeremy du Plessis.",評分依據：原創/共同創作權重、專家總分、材料數、來源數、高證據來源、類別專屬性；必要時對明確共同創作者採並列優勝。,"Basis: originality/co-creation weight, expert total score, material count, source count, high-evidence sources, and category specificity; clear co-creators may be judged as joint winners.",此為本地資料庫目前證據下的優先研究判斷，不等於投資建議或永久排名。,"This is a priority-for-study judgment under the current local evidence base, not investment advice or a permanent ranking."
price-action,價格行為,Price Action,charting,11,yes,munehisa-homma,本間宗久,Munehisa Homma,67.9,艾倫・安德魯斯、傑克・施瓦格,Alan Andrews / Jack D. Schwager,本間宗久優勝，因其在原創性、專屬性與資料覆蓋上最強；主要對照者為艾倫・安德魯斯、傑克・施瓦格。,"Munehisa Homma wins because of the strongest mix of originality, specificity, and evidence coverage; main comparison: Alan Andrews / Jack D. Schwager.",評分依據：原創/共同創作權重、專家總分、材料數、來源數、高證據來源、類別專屬性；必要時對明確共同創作者採並列優勝。,"Basis: originality/co-creation weight, expert total score, material count, source count, high-evidence sources, and category specificity; clear co-creators may be judged as joint winners.",此為本地資料庫目前證據下的優先研究判斷，不等於投資建議或永久排名。,"This is a priority-for-study judgment under the current local evidence base, not investment advice or a permanent ranking."
relative-strength,相對強弱 / 強勢股篩選,Relative Strength,stock_selection,8,yes,william-j-o-neil,威廉・歐尼爾,William J. O'Neil,74.4,查爾斯・柯克派翠克二世、蓋瑞・安東納奇,Charles D. Kirkpatrick II / Gary Antonacci,威廉・歐尼爾優勝，因其在原創性、專屬性與資料覆蓋上最強；主要對照者為查爾斯・柯克派翠克二世、蓋瑞・安東納奇。,"William J. O'Neil wins because of the strongest mix of originality, specificity, and evidence coverage; main comparison: Charles D. Kirkpatrick II / Gary Antonacci.",評分依據：原創/共同創作權重、專家總分、材料數、來源數、高證據來源、類別專屬性；必要時對明確共同創作者採並列優勝。,"Basis: originality/co-creation weight, expert total score, material count, source count, high-evidence sources, and category specificity; clear co-creators may be judged as joint winners.",此為本地資料庫目前證據下的優先研究判斷，不等於投資建議或永久排名。,"This is a priority-for-study judgment under the current local evidence base, not investment advice or a permanent ranking."
risk,風險 / 回撤,Risk / Drawdown,risk,2,yes,peter-g-martin;byron-mccann,彼得・馬丁、拜倫・麥肯,Peter G. Martin / Byron McCann,67.6,共同核心專家；不另設補充角色,Joint core experts; no separate runner-up assigned,彼得・馬丁、拜倫・麥肯並列優勝；此指標/方法屬共同創作或共同權威，應並讀其資料。,Peter G. Martin / Byron McCann are joint winners; this indicator/method is best treated as a shared authority.,評分依據：原創/共同創作權重、專家總分、材料數、來源數、高證據來源、類別專屬性；必要時對明確共同創作者採並列優勝。,"Basis: originality/co-creation weight, expert total score, material count, source count, high-evidence sources, and category specificity; clear co-creators may be judged as joint winners.",此為本地資料庫目前證據下的優先研究判斷，不等於投資建議或永久排名。,"This is a priority-for-study judgment under the current local evidence base, not investment advice or a permanent ranking."
rsi,RSI 相對強弱指數,Relative Strength Index,momentum,5,yes,j-welles-wilder-jr,威爾斯・威爾德,J. Welles Wilder Jr.,115.55,拉倫斯・康納斯、康斯坦絲・布朗,Laurence A. Connors / Constance Brown,威爾斯・威爾德優勝，因其在原創性、專屬性與資料覆蓋上最強；主要對照者為拉倫斯・康納斯、康斯坦絲・布朗。,"J. Welles Wilder Jr. wins because of the strongest mix of originality, specificity, and evidence coverage; main comparison: Laurence A. Connors / Constance Brown.",評分依據：原創/共同創作權重、專家總分、材料數、來源數、高證據來源、類別專屬性；必要時對明確共同創作者採並列優勝。,"Basis: originality/co-creation weight, expert total score, material count, source count, high-evidence sources, and category specificity; clear co-creators may be judged as joint winners.",此為本地資料庫目前證據下的優先研究判斷，不等於投資建議或永久排名。,"This is a priority-for-study judgment under the current local evidence base, not investment advice or a permanent ranking."
sentiment,市場情緒,Sentiment,sentiment,8,yes,jason-goepfert,傑森・戈普弗特,Jason Goepfert,72.8,內德・戴維斯、艾德森・古爾德,Ned Davis / Edson Gould,傑森・戈普弗特優勝，因其在原創性、專屬性與資料覆蓋上最強；主要對照者為內德・戴維斯、艾德森・古爾德。,"Jason Goepfert wins because of the strongest mix of originality, specificity, and evidence coverage; main comparison: Ned Davis / Edson Gould.",評分依據：原創/共同創作權重、專家總分、材料數、來源數、高證據來源、類別專屬性；必要時對明確共同創作者採並列優勝。,"Basis: originality/co-creation weight, expert total score, material count, source count, high-evidence sources, and category specificity; clear co-creators may be judged as joint winners.",此為本地資料庫目前證據下的優先研究判斷，不等於投資建議或永久排名。,"This is a priority-for-study judgment under the current local evidence base, not investment advice or a permanent ranking."
stage-analysis,四階段分析,Stage Analysis,trend,1,no,stan-weinstein,史坦・溫斯坦,Stan Weinstein,81.25,無直接補充專家；目前資料庫只收錄一位核心專家,No direct runner-up; current database maps one core expert only,史坦・溫斯坦是目前資料庫中唯一對應「四階段分析」的核心專家。,Stan Weinstein is the only expert currently mapped to Stage Analysis in this database.,評分依據：原創/共同創作權重、專家總分、材料數、來源數、高證據來源、類別專屬性；必要時對明確共同創作者採並列優勝。,"Basis: originality/co-creation weight, expert total score, material count, source count, high-evidence sources, and category specificity; clear co-creators may be judged as joint winners.",此為本地資料庫目前證據下的優先研究判斷，不等於投資建議或永久排名。,"This is a priority-for-study judgment under the current local evidence base, not investment advice or a permanent ranking."
stochastic,隨機指標,Stochastic Oscillator,momentum,1,no,george-c-lane,喬治・藍恩,George C. Lane,89.25,無直接補充專家；目前資料庫只收錄一位核心專家,No direct runner-up; current database maps one core expert only,喬治・藍恩是目前資料庫中唯一對應「隨機指標」的核心專家。,George C. Lane is the only expert currently mapped to Stochastic Oscillator in this database.,評分依據：原創/共同創作權重、專家總分、材料數、來源數、高證據來源、類別專屬性；必要時對明確共同創作者採並列優勝。,"Basis: originality/co-creation weight, expert total score, material count, source count, high-evidence sources, and category specificity; clear co-creators may be judged as joint winners.",此為本地資料庫目前證據下的優先研究判斷，不等於投資建議或永久排名。,"This is a priority-for-study judgment under the current local evidence base, not investment advice or a permanent ranking."
stochastic-rsi,隨機 RSI,Stochastic RSI,momentum,2,yes,tushar-s-chande,圖沙・昌德,Tushar S. Chande,116.2,史丹利・克羅爾,Stanley Kroll,圖沙・昌德優勝，因其在原創性、專屬性與資料覆蓋上最強；主要對照者為史丹利・克羅爾。,"Tushar S. Chande wins because of the strongest mix of originality, specificity, and evidence coverage; main comparison: Stanley Kroll.",評分依據：原創/共同創作權重、專家總分、材料數、來源數、高證據來源、類別專屬性；必要時對明確共同創作者採並列優勝。,"Basis: originality/co-creation weight, expert total score, material count, source count, high-evidence sources, and category specificity; clear co-creators may be judged as joint winners.",此為本地資料庫目前證據下的優先研究判斷，不等於投資建議或永久排名。,"This is a priority-for-study judgment under the current local evidence base, not investment advice or a permanent ranking."
stock_selection,股票選股,Stock Selection,stock_selection,1,no,charles-d-kirkpatrick-ii,查爾斯・柯克派翠克二世,Charles D. Kirkpatrick II,76.6,無直接補充專家；目前資料庫只收錄一位核心專家,No direct runner-up; current database maps one core expert only,查爾斯・柯克派翠克二世是目前資料庫中唯一對應「股票選股」的核心專家。,Charles D. Kirkpatrick II is the only expert currently mapped to Stock Selection in this database.,評分依據：原創/共同創作權重、專家總分、材料數、來源數、高證據來源、類別專屬性；必要時對明確共同創作者採並列優勝。,"Basis: originality/co-creation weight, expert total score, material count, source count, high-evidence sources, and category specificity; clear co-creators may be judged as joint winners.",此為本地資料庫目前證據下的優先研究判斷，不等於投資建議或永久排名。,"This is a priority-for-study judgment under the current local evidence base, not investment advice or a permanent ranking."
supertrend,SuperTrend,SuperTrend,trend,1,no,olivier-seban,奧利維耶・塞班,Olivier Seban,99.15,無直接補充專家；目前資料庫只收錄一位核心專家,No direct runner-up; current database maps one core expert only,奧利維耶・塞班是目前資料庫中唯一對應「SuperTrend」的核心專家。,Olivier Seban is the only expert currently mapped to SuperTrend in this database.,評分依據：原創/共同創作權重、專家總分、材料數、來源數、高證據來源、類別專屬性；必要時對明確共同創作者採並列優勝。,"Basis: originality/co-creation weight, expert total score, material count, source count, high-evidence sources, and category specificity; clear co-creators may be judged as joint winners.",此為本地資料庫目前證據下的優先研究判斷，不等於投資建議或永久排名。,"This is a priority-for-study judgment under the current local evidence base, not investment advice or a permanent ranking."
support-resistance,支撐阻力,Support and Resistance,charting,12,yes,robert-d-edwards;john-magee,羅伯特・愛德華茲、約翰・麥基,Robert D. Edwards / John Magee,76.4,威廉・江恩、彼得・史戴梅爾,W. D. Gann / J. Peter Steidlmayer,羅伯特・愛德華茲、約翰・麥基並列優勝；此指標/方法屬共同創作或共同權威，應並讀其資料。,Robert D. Edwards / John Magee are joint winners; this indicator/method is best treated as a shared authority.,評分依據：原創/共同創作權重、專家總分、材料數、來源數、高證據來源、類別專屬性；必要時對明確共同創作者採並列優勝。,"Basis: originality/co-creation weight, expert total score, material count, source count, high-evidence sources, and category specificity; clear co-creators may be judged as joint winners.",此為本地資料庫目前證據下的優先研究判斷，不等於投資建議或永久排名。,"This is a priority-for-study judgment under the current local evidence base, not investment advice or a permanent ranking."
systems-trading,交易系統,Trading Systems,systems,15,yes,perry-j-kaufman,佩里・考夫曼,Perry J. Kaufman,84.75,拉倫斯・康納斯、約翰・艾勒斯,Laurence A. Connors / John F. Ehlers,佩里・考夫曼優勝，因其在原創性、專屬性與資料覆蓋上最強；主要對照者為拉倫斯・康納斯、約翰・艾勒斯。,"Perry J. Kaufman wins because of the strongest mix of originality, specificity, and evidence coverage; main comparison: Laurence A. Connors / John F. Ehlers.",評分依據：原創/共同創作權重、專家總分、材料數、來源數、高證據來源、類別專屬性；必要時對明確共同創作者採並列優勝。,"Basis: originality/co-creation weight, expert total score, material count, source count, high-evidence sources, and category specificity; clear co-creators may be judged as joint winners.",此為本地資料庫目前證據下的優先研究判斷，不等於投資建議或永久排名。,"This is a priority-for-study judgment under the current local evidence base, not investment advice or a permanent ranking."
tape-reading,讀帶 / 盤口判讀,Tape Reading,charting,3,yes,jesse-livermore,傑西・李佛摩,Jesse Livermore,74.65,理查・威科夫、漢弗萊・尼爾,Richard D. Wyckoff / Humphrey B. Neill,傑西・李佛摩優勝，因其在原創性、專屬性與資料覆蓋上最強；主要對照者為理查・威科夫、漢弗萊・尼爾。,"Jesse Livermore wins because of the strongest mix of originality, specificity, and evidence coverage; main comparison: Richard D. Wyckoff / Humphrey B. Neill.",評分依據：原創/共同創作權重、專家總分、材料數、來源數、高證據來源、類別專屬性；必要時對明確共同創作者採並列優勝。,"Basis: originality/co-creation weight, expert total score, material count, source count, high-evidence sources, and category specificity; clear co-creators may be judged as joint winners.",此為本地資料庫目前證據下的優先研究判斷，不等於投資建議或永久排名。,"This is a priority-for-study judgment under the current local evidence base, not investment advice or a permanent ranking."
tema-dema,DEMA / TEMA,Double/Triple Exponential Moving Average,trend,1,no,patrick-g-mulloy,派翠克・馬洛伊,Patrick G. Mulloy,101.45,無直接補充專家；目前資料庫只收錄一位核心專家,No direct runner-up; current database maps one core expert only,派翠克・馬洛伊是目前資料庫中唯一對應「DEMA / TEMA」的核心專家。,Patrick G. Mulloy is the only expert currently mapped to Double/Triple Exponential Moving Average in this database.,評分依據：原創/共同創作權重、專家總分、材料數、來源數、高證據來源、類別專屬性；必要時對明確共同創作者採並列優勝。,"Basis: originality/co-creation weight, expert total score, material count, source count, high-evidence sources, and category specificity; clear co-creators may be judged as joint winners.",此為本地資料庫目前證據下的優先研究判斷，不等於投資建議或永久排名。,"This is a priority-for-study judgment under the current local evidence base, not investment advice or a permanent ranking."
trend-following,趨勢跟隨,Trend Following,trend,20,yes,richard-donchian,理查・唐奇安,Richard Donchian,97.3,威廉・彼得・漢密爾頓、達利・古比,William Peter Hamilton / Daryl Guppy,理查・唐奇安優勝，因其在原創性、專屬性與資料覆蓋上最強；主要對照者為威廉・彼得・漢密爾頓、達利・古比。,"Richard Donchian wins because of the strongest mix of originality, specificity, and evidence coverage; main comparison: William Peter Hamilton / Daryl Guppy.",評分依據：原創/共同創作權重、專家總分、材料數、來源數、高證據來源、類別專屬性；必要時對明確共同創作者採並列優勝。,"Basis: originality/co-creation weight, expert total score, material count, source count, high-evidence sources, and category specificity; clear co-creators may be judged as joint winners.",此為本地資料庫目前證據下的優先研究判斷，不等於投資建議或永久排名。,"This is a priority-for-study judgment under the current local evidence base, not investment advice or a permanent ranking."
trin-arms-index,TRIN / Arms Index,Arms Index,breadth,1,no,richard-w-arms-jr,理查・阿姆斯,Richard W. Arms Jr.,100.2,無直接補充專家；目前資料庫只收錄一位核心專家,No direct runner-up; current database maps one core expert only,理查・阿姆斯是目前資料庫中唯一對應「TRIN / Arms Index」的核心專家。,Richard W. Arms Jr. is the only expert currently mapped to Arms Index in this database.,評分依據：原創/共同創作權重、專家總分、材料數、來源數、高證據來源、類別專屬性；必要時對明確共同創作者採並列優勝。,"Basis: originality/co-creation weight, expert total score, material count, source count, high-evidence sources, and category specificity; clear co-creators may be judged as joint winners.",此為本地資料庫目前證據下的優先研究判斷，不等於投資建議或永久排名。,"This is a priority-for-study judgment under the current local evidence base, not investment advice or a permanent ranking."
trix,TRIX,Triple Exponential Average,momentum,1,no,jack-k-hutson,傑克・哈特森,Jack K. Hutson,98.65,無直接補充專家；目前資料庫只收錄一位核心專家,No direct runner-up; current database maps one core expert only,傑克・哈特森是目前資料庫中唯一對應「TRIX」的核心專家。,Jack K. Hutson is the only expert currently mapped to Triple Exponential Average in this database.,評分依據：原創/共同創作權重、專家總分、材料數、來源數、高證據來源、類別專屬性；必要時對明確共同創作者採並列優勝。,"Basis: originality/co-creation weight, expert total score, material count, source count, high-evidence sources, and category specificity; clear co-creators may be judged as joint winners.",此為本地資料庫目前證據下的優先研究判斷，不等於投資建議或永久排名。,"This is a priority-for-study judgment under the current local evidence base, not investment advice or a permanent ranking."
ulcer-index,Ulcer Index,Ulcer Index,risk,2,yes,peter-g-martin;byron-mccann,彼得・馬丁、拜倫・麥肯,Peter G. Martin / Byron McCann,106.6,共同核心專家；不另設補充角色,Joint core experts; no separate runner-up assigned,彼得・馬丁、拜倫・麥肯並列優勝；此指標/方法屬共同創作或共同權威，應並讀其資料。,Peter G. Martin / Byron McCann are joint winners; this indicator/method is best treated as a shared authority.,評分依據：原創/共同創作權重、專家總分、材料數、來源數、高證據來源、類別專屬性；必要時對明確共同創作者採並列優勝。,"Basis: originality/co-creation weight, expert total score, material count, source count, high-evidence sources, and category specificity; clear co-creators may be judged as joint winners.",此為本地資料庫目前證據下的優先研究判斷，不等於投資建議或永久排名。,"This is a priority-for-study judgment under the current local evidence base, not investment advice or a permanent ranking."
vcp,VCP 波動收縮形態,Volatility Contraction Pattern,charting,1,no,mark-minervini,馬克・米勒維尼,Mark Minervini,83.45,無直接補充專家；目前資料庫只收錄一位核心專家,No direct runner-up; current database maps one core expert only,馬克・米勒維尼是目前資料庫中唯一對應「VCP 波動收縮形態」的核心專家。,Mark Minervini is the only expert currently mapped to Volatility Contraction Pattern in this database.,評分依據：原創/共同創作權重、專家總分、材料數、來源數、高證據來源、類別專屬性；必要時對明確共同創作者採並列優勝。,"Basis: originality/co-creation weight, expert total score, material count, source count, high-evidence sources, and category specificity; clear co-creators may be judged as joint winners.",此為本地資料庫目前證據下的優先研究判斷，不等於投資建議或永久排名。,"This is a priority-for-study judgment under the current local evidence base, not investment advice or a permanent ranking."
vidya,VIDYA 動態平均,Variable Index Dynamic Average,trend,2,yes,tushar-s-chande,圖沙・昌德,Tushar S. Chande,119.2,史丹利・克羅爾,Stanley Kroll,圖沙・昌德優勝，因其在原創性、專屬性與資料覆蓋上最強；主要對照者為史丹利・克羅爾。,"Tushar S. Chande wins because of the strongest mix of originality, specificity, and evidence coverage; main comparison: Stanley Kroll.",評分依據：原創/共同創作權重、專家總分、材料數、來源數、高證據來源、類別專屬性；必要時對明確共同創作者採並列優勝。,"Basis: originality/co-creation weight, expert total score, material count, source count, high-evidence sources, and category specificity; clear co-creators may be judged as joint winners.",此為本地資料庫目前證據下的優先研究判斷，不等於投資建議或永久排名。,"This is a priority-for-study judgment under the current local evidence base, not investment advice or a permanent ranking."
volatility,波動率,Volatility,volatility,4,yes,john-bollinger,約翰・布林格,John Bollinger,85.7,安德魯・思拉舍、亞歷克斯・斯皮羅格魯,Andrew Thrasher / Alex Spiroglou,約翰・布林格優勝，因其在原創性、專屬性與資料覆蓋上最強；主要對照者為安德魯・思拉舍、亞歷克斯・斯皮羅格魯。,"John Bollinger wins because of the strongest mix of originality, specificity, and evidence coverage; main comparison: Andrew Thrasher / Alex Spiroglou.",評分依據：原創/共同創作權重、專家總分、材料數、來源數、高證據來源、類別專屬性；必要時對明確共同創作者採並列優勝。,"Basis: originality/co-creation weight, expert total score, material count, source count, high-evidence sources, and category specificity; clear co-creators may be judged as joint winners.",此為本地資料庫目前證據下的優先研究判斷，不等於投資建議或永久排名。,"This is a priority-for-study judgment under the current local evidence base, not investment advice or a permanent ranking."
volume-analysis,成交量分析,Volume Analysis,volume,13,yes,richard-d-wyckoff,理查・威科夫,Richard D. Wyckoff,87.8,約瑟夫・格蘭維爾、巴夫・多米爾,Joseph Granville / Buff Dormeier,理查・威科夫優勝，因其在原創性、專屬性與資料覆蓋上最強；主要對照者為約瑟夫・格蘭維爾、巴夫・多米爾。,"Richard D. Wyckoff wins because of the strongest mix of originality, specificity, and evidence coverage; main comparison: Joseph Granville / Buff Dormeier.",評分依據：原創/共同創作權重、專家總分、材料數、來源數、高證據來源、類別專屬性；必要時對明確共同創作者採並列優勝。,"Basis: originality/co-creation weight, expert total score, material count, source count, high-evidence sources, and category specificity; clear co-creators may be judged as joint winners.",此為本地資料庫目前證據下的優先研究判斷，不等於投資建議或永久排名。,"This is a priority-for-study judgment under the current local evidence base, not investment advice or a permanent ranking."
volume-spread-analysis,VSA 量價差分析,Volume Spread Analysis,volume,1,no,tom-williams,湯姆・威廉斯,Tom Williams,83.4,無直接補充專家；目前資料庫只收錄一位核心專家,No direct runner-up; current database maps one core expert only,湯姆・威廉斯是目前資料庫中唯一對應「VSA 量價差分析」的核心專家。,Tom Williams is the only expert currently mapped to Volume Spread Analysis in this database.,評分依據：原創/共同創作權重、專家總分、材料數、來源數、高證據來源、類別專屬性；必要時對明確共同創作者採並列優勝。,"Basis: originality/co-creation weight, expert total score, material count, source count, high-evidence sources, and category specificity; clear co-creators may be judged as joint winners.",此為本地資料庫目前證據下的優先研究判斷，不等於投資建議或永久排名。,"This is a priority-for-study judgment under the current local evidence base, not investment advice or a permanent ranking."
vortex-indicator,Vortex 指標,Vortex Indicator,trend,2,yes,etienne-botes;douglas-siepman,艾蒂安・博特斯、道格拉斯・西普曼,Etienne Botes / Douglas Siepman,111.5,共同核心專家；不另設補充角色,Joint core experts; no separate runner-up assigned,艾蒂安・博特斯、道格拉斯・西普曼並列優勝；此指標/方法屬共同創作或共同權威，應並讀其資料。,Etienne Botes / Douglas Siepman are joint winners; this indicator/method is best treated as a shared authority.,評分依據：原創/共同創作權重、專家總分、材料數、來源數、高證據來源、類別專屬性；必要時對明確共同創作者採並列優勝。,"Basis: originality/co-creation weight, expert total score, material count, source count, high-evidence sources, and category specificity; clear co-creators may be judged as joint winners.",此為本地資料庫目前證據下的優先研究判斷，不等於投資建議或永久排名。,"This is a priority-for-study judgment under the current local evidence base, not investment advice or a permanent ranking."
vwap,VWAP / Anchored VWAP,VWAP / Anchored VWAP,volume,1,no,brian-shannon,布萊恩・香農,Brian Shannon,71.4,無直接補充專家；目前資料庫只收錄一位核心專家,No direct runner-up; current database maps one core expert only,布萊恩・香農是目前資料庫中唯一對應「VWAP / Anchored VWAP」的核心專家。,Brian Shannon is the only expert currently mapped to VWAP / Anchored VWAP in this database.,評分依據：原創/共同創作權重、專家總分、材料數、來源數、高證據來源、類別專屬性；必要時對明確共同創作者採並列優勝。,"Basis: originality/co-creation weight, expert total score, material count, source count, high-evidence sources, and category specificity; clear co-creators may be judged as joint winners.",此為本地資料庫目前證據下的優先研究判斷，不等於投資建議或永久排名。,"This is a priority-for-study judgment under the current local evidence base, not investment advice or a permanent ranking."
williams-r,Williams %R,Williams %R,momentum,1,no,larry-williams,拉瑞・威廉斯,Larry Williams,109.4,無直接補充專家；目前資料庫只收錄一位核心專家,No direct runner-up; current database maps one core expert only,拉瑞・威廉斯是目前資料庫中唯一對應「Williams %R」的核心專家。,Larry Williams is the only expert currently mapped to Williams %R in this database.,評分依據：原創/共同創作權重、專家總分、材料數、來源數、高證據來源、類別專屬性；必要時對明確共同創作者採並列優勝。,"Basis: originality/co-creation weight, expert total score, material count, source count, high-evidence sources, and category specificity; clear co-creators may be judged as joint winners.",此為本地資料庫目前證據下的優先研究判斷，不等於投資建議或永久排名。,"This is a priority-for-study judgment under the current local evidence base, not investment advice or a permanent ranking."
wyckoff-method,威科夫方法,Wyckoff Method,volume,4,yes,richard-d-wyckoff,理查・威科夫,Richard D. Wyckoff,114.8,大衛・韋斯、漢克・普魯登,David Weis / Hank Pruden,理查・威科夫優勝，因其在原創性、專屬性與資料覆蓋上最強；主要對照者為大衛・韋斯、漢克・普魯登。,"Richard D. Wyckoff wins because of the strongest mix of originality, specificity, and evidence coverage; main comparison: David Weis / Hank Pruden.",評分依據：原創/共同創作權重、專家總分、材料數、來源數、高證據來源、類別專屬性；必要時對明確共同創作者採並列優勝。,"Basis: originality/co-creation weight, expert total score, material count, source count, high-evidence sources, and category specificity; clear co-creators may be judged as joint winners.",此為本地資料庫目前證據下的優先研究判斷，不等於投資建議或永久排名。,"This is a priority-for-study judgment under the current local evidence base, not investment advice or a permanent ranking."
