lead_id,title,source_url,apparent_type,visibility_hint,metric_signal,preliminary_status,source_checked_at,notes
TVL-0001,LuxAlgo Backtester (S&O),https://www.tradingview.com/script/GBuVlkxf-LuxAlgo-Backtester-S-O/,backtest_tool,unknown,mentions profit factor optimization,reject_candidate,2026-07-03,"Tool/backtester, not one strategy case."
TVL-0002,Backtest Pro - The TradingView Backtesting Engine,https://www.tradingview.com/script/51FVkzCB-Backtest-Pro-The-TradingView-Backtesting-Engine/,backtest_tool,unknown,PF field explanation,reject_candidate,2026-07-03,"Engine, not standalone strategy case."
TVL-0003,SuperATR 7-Step Profit Strategy,https://www.tradingview.com/script/FDYGrZVD-SuperATR-7-Step-Profit-Strategy-presentTrading/,strategy,open_or_public,very high PF claim; parameters mentioned,support_only,2026-07-03,"Needs manual Strategy Report, symbol/timeframe/date/trades/costs verification."
TVL-0004,Precision Confluence Trading Strategy [JOAT],https://www.tradingview.com/script/Eexf5DPB-Precision-Confluence-Trading-Strategy-JOAT/,strategy,open_or_public,"PF threshold guidance, sample-size guidance",raw_lead,2026-07-03,Needs concrete result row before inclusion.
TVL-0005,PO3 x ICT Sweep STRATEGY V2,https://www.tradingview.com/script/ijnCoxOR/,strategy,invite_only,PF 1.83; multiple presets,metadata_only,2026-07-03,Invite-only; cannot be accepted as reproducible source case.
TVL-0006,Best Strategy on TradingView? Maybe,https://www.tradingview.com/script/YFeZMh6N-Best-Strategy-on-TradingView-Maybe/,strategy,open_or_public,mentions profit factor concept,raw_lead,2026-07-03,Needs concrete PF/period/settings.
TVL-0007,MT Strategy Backtest Template,https://www.tradingview.com/script/F4cmQIQW-MT-Strategy-Backtest-Template/,template,open_or_public,displays PF and trade stats,reject_candidate,2026-07-03,"Template/backtest display, not a strategy case."
TVL-0008,NQ/MNQ Super Scalper BACKTEST,https://www.tradingview.com/script/6ve1ax1D-NQ-MNQ-Super-Scalper-BACKTEST/,strategy,open_or_public,PF 1.23; 2934 trades; costs stated,support_only,2026-07-03,Already in site bundle as support-only.
TVL-0009,AlgoBuilder Trend-Following,https://www.tradingview.com/script/J1pJD2m0-AlgoBuilder-Trend-Following-Fractalyst/,strategy_builder,unknown,"PF explanation, max drawdown explanation",reject_candidate,2026-07-03,Builder/tool; needs concrete strategy result.
TVL-0010,Reversal TSLA TF5 PF 1.85,https://www.tradingview.com/script/WmyzSUpd/,strategy,protected,PF 1.85 title; 10-year claim,metadata_only,2026-07-03,Protected; source unavailable.
TVL-0011,TWT Grid Strategy [3Commas],https://es.tradingview.com/script/NjylXb5x-TWT-Grid-Strategy-3Commas/,strategy,open_or_public,PF 0.971; 1227 trades; drawdown stated,raw_lead,2026-07-03,Low PF; likely reject or failure lesson.
TVL-0012,Eclipse Ceres Strategy,https://www.tradingview.com/script/WvlRaQzu-Eclipse-Ceres-Strategy/,strategy,unknown,mentions native backtester and profit factor,raw_lead,2026-07-03,Needs exact metrics and source status.
TVL-0013,LWTG MITS,https://www.tradingview.com/script/fPo1FO4V-LWTG-MITS/,strategy,unknown,multi-instrument futures strategy,raw_lead,2026-07-03,Needs PF/period/settings.
TVL-0014,Liquid Pours Xtreme,https://es.tradingview.com/script/4reOaS1g/,strategy,unknown,mentions backtesting and parameters,raw_lead,2026-07-03,Needs concrete metrics.
TVL-0015,Best MA Pair Finder Crossover Strategy,https://www.tradingview.com/script/Wh8fQKtV-Best-MA-Pair-Finder-Crossover-Strategy/,strategy_or_optimizer,unknown,calculates PF across MA pairs,raw_lead,2026-07-03,May be optimizer; needs status.
TVL-0016,Simple Trend & Breakout System v6,https://www.tradingview.com/script/plDp6ZIw/,strategy,open_or_public,"tracks win rate, PF, CAGR, drawdown",raw_lead,2026-07-03,Needs concrete Strategy Report metrics.
TVL-0017,Falcon AI BASIC,https://www.tradingview.com/script/nvPjBOft-Falcon-AI-BASIC/,strategy,unknown,PF 3.13; verified-trades claim,raw_lead,2026-07-03,Likely commercial; verify source visibility and permissions.
TVL-0018,Bitwardex AI Algo 2.0,https://www.tradingview.com/script/sJQVJQi5-Bitwardex-AI-Algo-2-0/,strategy_or_indicator,unknown,optimizer mentions best profit factor,raw_lead,2026-07-03,Needs script type and metrics.
TVL-0019,Infinity Algo Backtest,https://www.tradingview.com/script/Bufvkt08-Infinity-Algo-Backtest/,strategy,unknown,uses PF as scoring metric,raw_lead,2026-07-03,Auto-tune risk; needs verified result.
TVL-0020,Egils ATS Cross Indicator BACKTEST,https://www.tradingview.com/script/lmwQ401H-Egils-ATS-Cross-Indicator-BACKTEST/,backtester,invite_only,mentions pnl and pf,metadata_only,2026-07-03,Invite-only backtester; exclude from accepted.
TVL-0021,Negroni MA & RSI Strategy,https://www.tradingview.com/script/gFcy2cQd-Negroni-MA-RSI-Strategy-plus-trade-entry-and-SL-TP-options/,strategy,open_or_public,discusses win rate vs PF review,raw_lead,2026-07-03,Needs concrete metrics.
TVL-0022,Bybit BTCUSD.P 7 Years Backtest Results,https://fr.tradingview.com/script/qnirD0Kg/,strategy,unknown,PF 8.003; 24 trades in 7 years,support_only,2026-07-03,High PF but very low trades; C gate likely rejects as performance case.
TVL-0023,NQ/MNQ CT Scalper BACKTEST,https://www.tradingview.com/script/1kEKmbb9-NQ-MNQ-CT-Scalper-BACKTEST/,strategy,open_or_public,PF 1.41; 393 trades; costs stated,support_only,2026-07-03,Already in site bundle as support-only.
TVL-0024,Liquidity Maxing JOAT,https://www.tradingview.com/script/zmdF0UPT-Liquidity-Maxing-JOAT/,strategy,open_or_public,dashboard includes PF and trade count,raw_lead,2026-07-03,Needs concrete metrics.
TVL-0025,Atlantium Gold Ultra,https://www.tradingview.com/script/Bjez8v7B/,strategy,open_or_public,PF 1.747; win rate/drawdown stated,raw_lead,2026-07-03,"Needs date range, costs, trades, source check."
TVL-0026,Sextan Supertrend Ladder ATR Backtest,https://www.tradingview.com/script/wYJG38n7/,strategy,unknown,Strategy Tester panel metrics described,raw_lead,2026-07-03,Needs exact PF and report fields.
TVL-0027,RSI Strategy with Auto Tuner PF,https://www.tradingview.com/script/4peLdCAV-RSI-Strategy-with-Auto-Tuner-PF/,strategy,open_or_public,auto tuner optimizes PF,raw_lead,2026-07-03,Auto-tune overfit risk; needs exact result.
TVL-0028,Butterworth LPF Flip + AutoTune PF,https://www.tradingview.com/script/J7pDbIPO-Butterworth-LPF-Flip-AutoTune-PF/,strategy,open_or_public,best PF pair selection,raw_lead,2026-07-03,Auto-tune overfit risk.
TVL-0029,London Breakout Optimized PF,https://www.tradingview.com/script/g0jsictM-London-Breakout-Optimized-PF/,strategy,open_or_public,optimized PF in title,raw_lead,2026-07-03,Needs concrete result metrics.
TVL-0030,MES 15m High Win Rate Mean Reversion,https://www.tradingview.com/script/DrvKcYOv-MES-15m-High-Win-Rate-Mean-Reversion/,strategy,unknown,PF about 1.7; win rate about 60%; drawdown stated,raw_lead,2026-07-03,Low-frequency; needs trades/date/costs/source status.
TVL-0031,VOLUME VOID REAL FVGs,https://www.tradingview.com/script/U3kwQj1K-VOLUME-VOID-REAL-FVG-s-Divi-Len/,strategy_or_research,unknown,PF 1.62 and OOS 1.80 claim,raw_lead,2026-07-03,Interesting OOS claim; needs TradingView strategy type/source check.
TVL-0032,Stochastic Hash Strat,https://www.tradingview.com/script/A5WfhJfe-Stochastic-Hash-Strat-Hash-Capital-Research/,strategy,open_or_public,workflow records PF/drawdown after 50 trades,raw_lead,2026-07-03,Needs actual result values.
TVL-0033,M8 BUY END OF DAY,https://www.tradingview.com/script/X1Ee5NVw-M8-BUY-END-OF-DAY/,strategy,open_or_public,PF above 1.5 claim,raw_lead,2026-07-03,Needs exact report fields.
TVL-0034,Tectonic Regime Protocol JOAT,https://www.tradingview.com/script/AuknbPLW-Tectonic-Regime-Protocol-JOAT/,strategy,open_or_public,requires >100 trades and PF comparison,raw_lead,2026-07-03,"Good methodology, needs concrete PF row."
TVL-0035,Strict 1-Trade/Day SMC + ORB,https://www.tradingview.com/script/AeYVHi9k-Strict-1-Trade-Day-SMC-ORB/,strategy,open_or_public,PF 3.1; 59 trades; 30-day result,support_only,2026-07-03,PF high but sample/window too small.
TVL-0036,BTC MTF Engulfing Flip Strategy,https://www.tradingview.com/script/XGqSzuxJ-BTC-MTF-Engulfing-Flip-Strategy-1H-2X/,strategy,open_or_public,PF 4.20-4.63; 43-79 trades,support_only,2026-07-03,High PF but trade count below 100.
TVL-0037,BTC MTF Engulfing Flip Pyramid Strategy,https://www.tradingview.com/script/GoUoySJs-BTC-MTF-Engulfing-Flip-Pyramid-Strategy-1H-2X/,strategy,open_or_public,PF 5.54; 73 trades; drawdown stated,support_only,2026-07-03,Very high PF and below 100 trades; caveat required.
TVL-0038,AI Slop Holy Grail Trap,https://www.tradingview.com/script/xYFoVctF-AI-Slop-Holy-Grail-Trap-BTC-1H-Non-Repainting-Overfit/,strategy,open_or_public,"multiple high PF rows, explicit overfit framing",reject_candidate,2026-07-03,"Use as overfit warning/failure lesson, not accepted case."
TVL-0039,Precision Edge System JOAT,https://www.tradingview.com/script/rNLAk5IW-Precision-Edge-System-JOAT/,strategy,unknown,PF >1.5 threshold guidance,raw_lead,2026-07-03,Needs exact result metrics.
TVL-0040,EURUSD 1 Minute Chart Strategy,https://www.tradingview.com/script/F3leaL3N-EURUSD-1-Minute-Chart-Strategy/,strategy,open_or_public,high PF warning; future-data caution,reject_candidate,2026-07-03,Likely non-standard/future-data risk; failure lesson.
TVL-0041,Vortex Nexus Alpha JOAT,https://www.tradingview.com/script/hcXGamAi-Vortex-Nexus-Alpha-JOAT/,strategy,unknown,PF >1.5 threshold guidance; costs guidance,raw_lead,2026-07-03,Needs concrete report metrics.
TVL-0042,Fracture Threshold Strategy JOAT,https://www.tradingview.com/script/NwMwuyA5-Fracture-Threshold-Strategy-JOAT/,strategy,open_or_public,requires >=100 trades before trusting PF,raw_lead,2026-07-03,Already appears in site support-only dataset.
TVL-0043,LINK Grid Bot Long Strategy,https://www.tradingview.com/script/ABkXz6BY-LINK-Grid-Bot-Long-Strategy/,strategy,unknown,trade count several hundred to >1000 possible,raw_lead,2026-07-03,Needs concrete PF result and costs.
TVL-0044,EMA Pullback Speed Strategy,https://de.tradingview.com/script/cxhQ5d5x-EMA-Pullback-Speed-Strategy/,strategy,unknown,PF 1.965; date range/costs stated,raw_lead,2026-07-03,Needs visibility/source and trades/drawdown.
TVL-0045,Heikin Ashi RSI Fade Short Strategy,https://www.tradingview.com/script/oGwYWfai-Heikin-Ashi-RSI-Fade-Short-Strategy/,strategy,unknown,PF 1.117; 349 trades; costs stated,support_only,2026-07-03,Non-standard chart warning; likely not accepted.
TVL-0046,Adaptive Zero Lag EMA v2,https://www.tradingview.com/script/Q7h83i1t-Adaptive-Zero-Lag-EMA-v2/,strategy,unknown,goal PF above 2,raw_lead,2026-07-03,Needs concrete metrics.
TVL-0047,FIL Grid Strategy [3Commas],https://www.tradingview.com/script/7cAVZopZ-FIL-Grid-Strategy-3Commas/,strategy,unknown,PF 1.434; 1294 trades; drawdown stated,raw_lead,2026-07-03,Grid/cost caveat; verify source visibility.
TVL-0048,HBAR RSI Strategy [3Commas],https://id.tradingview.com/script/4OsZ6QMo-HBAR-RSI-Strategy-3Commas/,strategy,unknown,PF 11.248; 81 trades; drawdown stated,support_only,2026-07-03,Exceptional PF and below 100 trades.
TVL-0049,DeFiers-SMC Strategy,https://www.tradingview.com/script/PYbvpIag/,strategy,unknown,PF 0.94 to 1.19; drawdown stated,raw_lead,2026-07-03,Low PF; likely failure/repair lesson.
TVL-0050,Game Theory Trading Strategy,https://www.tradingview.com/script/5GmLg5FG/,strategy,open_or_public,"tracks win rate, PF, drawdown, Sharpe",raw_lead,2026-07-03,Needs concrete result metrics.
TVL-0051,Dual RSI DCA - Long Strategy by 3Commas,https://www.tradingview.com/script/qgofvS9I-Dual-RSI-DCA-Long-Strategy/,strategy,public; 3Commas account; visible strategy results,121 closed trades; PF 11.703; max DD 0.73%; net +4.50%,raw_lead,2026-07-03,Long DCA with oversold RSI entry; over sample floor.
TVL-0052,TON Grid Bot - Long Strategy by 3Commas,https://www.tradingview.com/script/H2U52D79-TON-Grid-Bot-Long-Strategy/,strategy,public; 3Commas account; visible strategy results,768 closed trades; PF 2.888; max DD 3.05%; net +10.01%,raw_lead,2026-07-03,Grid bot with strong sample size.
TVL-0053,BB-RSI Overbought DCA - Short Strategy by 3Commas,https://www.tradingview.com/script/PnnQc7fs-BB-RSI-Overbought-DCA-Short-Strategy/,strategy,public; 3Commas account; visible strategy results,PF 6.23; return +3.95%; max DD 1.53%; low volatility,raw_lead,2026-07-03,Short DCA; search snippet notes high-confidence defensive profile.
TVL-0054,POL RSI Long Strategy [3Commas],https://www.tradingview.com/script/YBB12317-POL-RSI-Long-Strategy-3Commas/,strategy,public; 3Commas account; visible strategy results,72 closed trades; PF 7.9; max DD 0.94%; net +3.58%,support_only,2026-07-03,Below sample-size floor.
TVL-0055,Triple RSI DCA Long - Risk Adjusted Averaging Strategy,https://www.tradingview.com/script/u4g3IrXS-3Commas-Triple-RSI-DCA-Long-Risk-Adjusted-Averaging-Strategy/,strategy,public; 3Commas account; visible strategy results,104 closed trades; PF 3.911; max DD 5.55%; net +13.28%,raw_lead,2026-07-03,Multi-RSI DCA with sample just above floor.
TVL-0056,BTCUSDT.P Grid Bot - Long Strategy by 3Commas,https://www.tradingview.com/script/BR74LOKo-BTCUSDT-P-Grid-Bot-Long-Strategy/,strategy,public; 3Commas account; visible strategy results,428 closed trades; PF 1.016; max DD 8.63%; net +0.90%,raw_lead,2026-07-03,Grid bot on BTC perpetual; near breakeven PF.
TVL-0057,JUP RSI Long Strategy [3Commas],https://www.tradingview.com/script/0wggzSk5-JUP-RSI-Long-Strategy-3Commas/,strategy,public; 3Commas account; visible strategy results,83 closed trades; PF 5.655; max DD 1.55%; net +3.99%,support_only,2026-07-03,Below common sample floor.
TVL-0058,NVDAX Grid Bot - Long Strategy by 3Commas,https://www.tradingview.com/script/jLKPS0lF-NVDAX-Grid-Bot-Long-Strategy/,strategy,public; 3Commas account; visible strategy results,542 closed trades; PF 2.098; max DD 4.60%; net +6.63%,raw_lead,2026-07-03,Strong grid sample with manageable drawdown.
TVL-0059,TAO RSI Oversold Doubling DCA - Long Strategy,https://www.tradingview.com/script/XuFsLXAW-3Commas-TAO-RSI-Oversold-Doubling-DCA-Long-Strategy/,strategy,public; 3Commas account; visible strategy results,89 closed trades; PF 7.259; max DD 6.29%; net +7.56%,support_only,2026-07-03,Below 100-trade floor.
TVL-0060,[3Commas] EURUSD Grid Bot - Long Strategy,https://www.tradingview.com/script/kxCXnuU6-3Commas-EURUSD-Grid-Bot-Long-Strategy/,strategy,public; 3Commas account; visible strategy results,162 closed trades; PF 2.832; max DD 0.25%; net +0.61%,raw_lead,2026-07-03,Forex grid with sample above floor.
TVL-0061,XMR RSI Short Strategy [3Commas],https://www.tradingview.com/script/CMZfvk2e-XMR-RSI-Short-Strategy-3Commas/,strategy,public; 3Commas account; visible strategy results,238 closed trades; PF 2.013; sample above floor,raw_lead,2026-07-03,Short DCA with lower-timeframe trigger.
TVL-0062,ARB RSI Short Strategy [3Commas],https://www.tradingview.com/script/ZiHWqvCl-ARB-RSI-Short-Strategy-3Commas/,strategy,public; 3Commas account; visible strategy results,10 closed trades; high PF but tiny sample,support_only,2026-07-03,Trade count far below sample floor.
TVL-0063,[3Commas] DOT RSI Reversal DCA - Short Strategy,https://www.tradingview.com/script/2SC4QXCp-3Commas-DOT-RSI-Reversal-DCA-Short-Strategy/,strategy,public; 3Commas account; visible strategy results,131 closed trades; PF 2.764; max DD not shown in snippet,raw_lead,2026-07-03,Short DCA; sample above floor.
TVL-0064,BCH RSI Strategy [3Commas],https://th.tradingview.com/script/dU643vz2-BCH-RSI-Strategy-3Commas/,strategy,public; 3Commas account; visible strategy results,131 closed trades; PF 2.821; max DD 1.73%; net +4.63%,raw_lead,2026-07-03,Long RSI strategy with adequate sample.
TVL-0065,SOL RSI DCA - Long Strategy by 3Commas,https://www.tradingview.com/script/ADx8qrBK-SOL-RSI-DCA-Long-Strategy/,strategy,public; 3Commas account; visible strategy results,29 closed trades; PF 22.256; max DD 0.63%; net +0.83%,support_only,2026-07-03,Very small sample despite strong PF.
TVL-0066,[3Commas] Equity Pulse Long - DCA on Tokenized Stocks,https://www.tradingview.com/script/8K1gTPV0-3Commas-Equity-Pulse-Long-DCA-on-Tokenized-Stocks/,strategy,public; 3Commas account; visible strategy results,243 closed trades; PF 10.54; max DD 3.11%; net +6.71%,raw_lead,2026-07-03,Tokenized-stocks DCA with large sample.
TVL-0067,[3Commas] Gold Vault Long - Strategy by 3Commas,https://www.tradingview.com/script/j36wYVnI-3Commas-Gold-Vault-Long/,strategy,public; 3Commas account; visible strategy description only in snippet,visible strategy page; metrics not captured in snippet,metadata_only,2026-07-03,Potential candidate but snippet lacked backtest metrics.
TVL-0068,[3Commas] XAUT RSI Reversal DCA - Short Strategy,https://www.tradingview.com/script/RAXMKw2a-3Commas-XAUT-RSI-Reversal-DCA-Short-Strategy/,strategy,public; 3Commas account; visible strategy settings snippet,visible strategy page; metrics not captured in snippet,metadata_only,2026-07-03,Strategy page surfaced but no metrics in search snippet.
TVL-0069,[3Commas] BCH Heikin Ashi RSI Fade - Short Strategy,https://www.tradingview.com/script/nuqVC5F7-3Commas-BCH-Heikin-Ashi-RSI-Fade-Short-Strategy/,strategy,public; 3Commas account; visible strategy settings snippet,visible strategy page; metrics not captured in snippet,metadata_only,2026-07-03,Search snippet exposed inputs but not backtest metrics.
TVL-0070,[3Commas] UNI Vault Grid - UNI/USDT,https://www.tradingview.com/script/Dc5iUh2F-3Commas-UNI-Vault-Grid-UNI-USDT/,strategy,public; 3Commas account; visible strategy page; metrics not captured in snippet,visible strategy page; built-in GRID Bot reference mentioned,metadata_only,2026-07-03,Backtest metrics omitted from snippet.
TVL-0071,[3Commas] Ether Vault Grid - ETH/USDT,https://www.tradingview.com/script/OEeqwUwB-3Commas-Ether-Vault-Grid-ETH-USDT/,strategy,public; 3Commas account; visible strategy page; metrics not captured in snippet,visible strategy page; grid levels disclosed,metadata_only,2026-07-03,Metrics not exposed in snippet.
TVL-0072,[3Commas] BTC RSI Strategy,https://tw.tradingview.com/script/eZsaqsZY-BTC-RSI-Strategy-3Commas/,strategy,public; 3Commas account; visible strategy description snippet,public strategy page; metrics not exposed in snippet,metadata_only,2026-07-03,Search snippet focused on logic and alerts only.
TVL-0073,[3Commas] ATOM RSI Strategy,https://www.tradingview.com/script/lnBGmMLT-ATOM-RSI-Strategy-3Commas/,strategy,public; 3Commas account; visible strategy description snippet,public strategy page; metrics not exposed in snippet,metadata_only,2026-07-03,Search snippet described DCA logic only.
TVL-0074,[3Commas] SILICON VAULT LONG - INTC DCA Strategy,https://www.tradingview.com/script/GhH6mW5c-3Commas-Silicon-Vault-Long-INTC-DCA-Strategy/,strategy,public; 3Commas account; visible strategy results,320 closed trades; PF 23.701; max DD 3.13%; net +11.19%,raw_lead,2026-07-03,Very strong but regime-dependent DCA.
TVL-0075,[3Commas] DOT RSI Reversal DCA - Short Strategy,https://vn.tradingview.com/script/pLmBZYsa-3Commas-POL-RSI-Reversal-DCA-Short-Strategy/,strategy,public; 3Commas account; visible strategy results,87 closed trades; PF 4.183; max DD not shown in snippet,support_only,2026-07-03,Locale variant; sample below floor.
TVL-0076,[3Commas] SILICON VAULT LONG - Indicator,https://www.tradingview.com/script/HCdv8Y2v-3Commas-Silicon-Vault-Long-Indicator/,strategy,public indicator companion; strategy metrics referenced in page,virtual P&L only; not a strategy backtest,reject_candidate,2026-07-03,Indicator companion
TVL-0077,[3Commas] BCH Heikin Ashi RSI Fade - Short Indicator,https://www.tradingview.com/script/3VSAMzYh-3Commas-BCH-Heikin-Ashi-RSI-Fade-Short-Indicator/,strategy,public indicator companion; not a strategy,signals only; no strategy tester results,reject_candidate,2026-07-03,Indicator companion
TVL-0078,[3Commas] ARB RSI Short Indicator,https://www.tradingview.com/script/hTRkPA9u-ARB-RSI-Short-Indicator-3Commas/,strategy,public indicator companion; not a strategy,signals only; no strategy tester results,reject_candidate,2026-07-03,Indicator companion
TVL-0079,[3Commas] XMR RSI Short Indicator,https://www.tradingview.com/script/8ilDuIQ4-XMR-RSI-Short-Indicator-3Commas/,strategy,public indicator companion; not a strategy,signals only; no strategy tester results,reject_candidate,2026-07-03,Indicator companion
TVL-0080,[3Commas] UNI Vault Grid - Indicator,https://www.tradingview.com/script/DFvuYOz7-3Commas-UNI-Vault-Grid-UNI-Indicator/,strategy,public indicator companion; not a strategy,virtual P&L tracker; no built-in strategy tester,reject_candidate,2026-07-03,Indicator companion
TVL-0081,[3Commas] Ether Vault Grid - Indicator,https://www.tradingview.com/script/HWSBJOFp-3Commas-Ether-Vault-Grid-Indicator/,strategy,public indicator companion; not a strategy,virtual stats card; no built-in strategy tester,reject_candidate,2026-07-03,Indicator companion
TVL-0082,3Commas DCA Bot Strategy v1.0 by prosum_solutions,https://www.tradingview.com/script/3acu61KB-3Commas-DCA-Bot-Strategy-v1-0/,strategy,public; template/compatibility helper,No Strategy Tester results surfaced in snippet,reject_candidate,2026-07-03,Template/helper strategy; not a raw lead.
TVL-0083,DCA Bot Long/Short Strategy by fiddlah,https://www.tradingview.com/script/LTcMeU50-DCA-Bot-Long-Short/,strategy,public; older generic helper strategy,No TradingView strategy metrics surfaced in snippet,raw_lead,2026-07-03,Generic DCA emulator; could merit manual inspection.
TVL-0084,Mean Reverse Grid Algorithm - The Quant Science,https://www.tradingview.com/script/gdNtbzel-Mean-Reverse-Grid-Algorithm-The-Quant-Science/,strategy,public; 3Commas-compatible backtest helper,commission 0.03% mentioned; metrics not captured in snippet,raw_lead,2026-07-03,Grid algorithm with 3Commas automation compatibility.
TVL-0085,Self-Optimizing RSI Strategy [Kioseff Trading],https://www.tradingview.com/script/6Gbcuh4k-Self-Optimizing-RSI-Strategy-Kioseff-Trading/,strategy,public; RSI strategy page,No strategy tester metrics in snippet,raw_lead,2026-07-03,RSI strategy page with parameter search.
TVL-0086,RSI Mean Reversion Bot Strategy,https://www.tradingview.com/script/PhfmO5kT-RSI-Mean-Reversion-Bot-Strategy/,strategy,public; RSI mean-reversion strategy page,No strategy tester metrics surfaced in snippet,raw_lead,2026-07-03,Older strategy page mentioning 3Commas integration.
TVL-0087,[3Commas] HA & MA,https://www.tradingview.com/script/ZMwGdzR9-3Commas-HA-MA/,strategy,public; visible strategy results,672 closed trades; PF 1.347; max DD 0.78%; net +3.25%,raw_lead,2026-07-03,Strategy tester metrics visible; DCA bot alert integration mentioned.
TVL-0088,Master myFamily v20.35.30.3K-2-1.75 (Invite-Only),https://de.tradingview.com/script/k1r54qZw/,strategy,invite-only; source hidden; metrics hidden,source hidden; 3Commas webhook compatible,metadata_only,2026-07-03,Invite-only protected page; source not inspectable.
TVL-0089,SuperTrend STRATEGY,https://www.tradingview.com/script/VLRj2sG9-SuperTrend-STRATEGY/,strategy,open_source,SuperTrend trend-following; long-only,raw_lead,2026-07-03,Open-source script; needs manual Strategy Report verification.
TVL-0090,VWAP & Band Cross Strategy v6,https://www.tradingview.com/script/1PK2hhF7-VWAP-Band-Cross-Strategy-v6/,strategy,open_source,VWAP band interaction model; risk filters,raw_lead,2026-07-03,Open-source script; needs manual Strategy Report verification.
TVL-0091,MACD Strategy by thetraderlodge,https://www.tradingview.com/script/6pQmpfVb-MACD-Strategy/,strategy,open_source,MACD line/signal cross momentum,raw_lead,2026-07-03,Open-source script; needs manual Strategy Report verification.
TVL-0092,Gaussian Channel Strategy,https://www.tradingview.com/script/erJi1tWf-Gaussian-Channel-Strategy/,strategy,open_source,Gaussian channel trend-following,raw_lead,2026-07-03,Open-source script; needs manual Strategy Report verification.
TVL-0093,Evasive SuperTrend Strategy [Source Select],https://www.tradingview.com/script/Zx1H2viP-Evasive-SuperTrend-Strategy-Source-Select/,strategy,open_source,Adaptive SuperTrend intended to reduce chop,raw_lead,2026-07-03,Open-source script; needs manual Strategy Report verification.
TVL-0094,VWAP Band 3 Mean-Reversion Strategy,https://www.tradingview.com/script/HeNW3hLL-VWAP-Band-3-Mean-Reversion-Strategy/,strategy,open_source,VWAP mean reversion with band touch logic,raw_lead,2026-07-03,Open-source script; fresh public page.
TVL-0095,MACD Strategy with trailing ATR stop,https://www.tradingview.com/script/2jDHQAJc-MACD-Strategy-with-trailing-ATR-stop/,strategy,open_source,MACD entry with ATR trailing stop,raw_lead,2026-07-03,Open-source script; backtest details need manual capture.
TVL-0096,[SM-021] Gaussian Trend System [Optimized],https://www.tradingview.com/script/xTnfnVLA-SM-021-Gaussian-Trend-System-Optimized/,strategy,open_source,Gaussian filter trend capture,raw_lead,2026-07-03,Open-source script; optimized trend system.
TVL-0097,SuperTrend Strategy [Long/Short],https://www.tradingview.com/script/ZV6yfF87/,strategy,open_source,Long/short SuperTrend reversal,raw_lead,2026-07-03,Open-source script; strategy page shows chart report and source code.
TVL-0098,VWAP Points / Percent / Ticks Strategy,https://www.tradingview.com/script/Ae87teGL-VWAP-Points-Percent-Ticks-Strategy/,strategy,open_source,VWAP distance-based entries,raw_lead,2026-07-03,Open-source script; public strategy page.
TVL-0099,RSI + MACD Multi-Timeframe Strategy,https://www.tradingview.com/script/Epqb0L8C-RSI-MACD-Multi-Timeframe-Strategy/,strategy,open_or_public,Daily RSI plus 4H MACD confirmation,raw_lead,2026-07-03,Public strategy page; verify report metrics manually.
TVL-0100,SMPivot Gaussian Trend Strategy [Js.K],https://www.tradingview.com/script/o1xFMJU7/,strategy,open_source,Gaussian-weighted MA with swing-pivot breaks,raw_lead,2026-07-03,Open-source strategy page.
TVL-0101,AI SuperTrend x Pivot Percentile - Strategy [PresentTrading],https://www.tradingview.com/script/eC3qAYNQ-AI-SuperTrend-x-Pivot-Percentile-Strategy-PresentTrading/,strategy,open_or_public,SuperTrend plus pivot percentile framework,support_only,2026-07-03,Public strategy page; likely needs extra report scrutiny.
TVL-0102,VWAP Trend Momentum,https://www.tradingview.com/script/4e2gDcHz-VWAP-Trend-Momentum/,strategy,open_or_public,Daily VWAP and EMA trend pullback entries,raw_lead,2026-07-03,Public strategy page; trend-following fit.
TVL-0103,MACD Enhanced Strategy MTF with Stop Loss [LTB],https://www.tradingview.com/script/CDdBFLLL-MACD-Enhanced-Strategy-MTF-with-Stop-Loss-LTB/,strategy,open_or_public,MTF MACD scoring with stop loss,raw_lead,2026-07-03,Public strategy page; needs report verification.
TVL-0104,TRADLEWARE-Gaussian Channel BTC,https://www.tradingview.com/script/O4li1yJ5-TRADLEWARE-Gaussian-Channel-BTC/,strategy,open_source,Gaussian channel plus Stochastic RSI on BTC,raw_lead,2026-07-03,Open-source BTC strategy.
TVL-0105,RSI-Gauss-Velocity-Strategy-WiP,https://www.tradingview.com/script/T5kd1bJ2-RSI-Gauss-Velocity-Strategy-WiP/,strategy,open_source,Gaussian filter with Stoch RSI momentum,raw_lead,2026-07-03,Open-source work-in-progress strategy.
TVL-0106,FRAMA - Supertrend strategy,https://www.tradingview.com/script/y81orwSC-FRAMA-Supertrend-strategy/,strategy,open_source,FRAMA plus Supertrend trend filter,raw_lead,2026-07-03,Open-source strategy page.
TVL-0107,Multi-Timeframe MACD Strategy ver 1.0,https://www.tradingview.com/script/WqzrfL2Q-Multi-Timeframe-MACD-Strategy-ver-1-0/,strategy,open_source,MACD on current and higher timeframe,raw_lead,2026-07-03,Open-source strategy page.
TVL-0108,Drop's Opening Range Breakout (ORB),https://www.tradingview.com/script/7SSRGEbI-Drop-s-Opening-Range-Breakout-ORB/,strategy,open_source,Opening range breakout with quant risk filters,raw_lead,2026-07-03,Open-source ORB strategy.
TVL-0109,Super 8 - 30M BTC,https://www.tradingview.com/script/zFPZofwt/,strategy,open_source,BTC 30m automatic strategy with multiple indicators,raw_lead,2026-07-03,Open-source BTC strategy.
TVL-0110,Futures Trading Hours RSI Strategy,https://www.tradingview.com/script/WyGw2DeT-Futures-Trading-Hours-RSI-Strategy/,strategy,open_source,RSI strategy constrained to futures sessions,raw_lead,2026-07-03,Open-source futures strategy.
TVL-0111,Real Strength Scalper,https://www.tradingview.com/script/iCRFM0LS/,strategy,open_source,Composite-momentum scalper with regime exits,support_only,2026-07-03,Educational open-source strategy; likely needs sample-size caution.
TVL-0112,ORB Strategy [LuciTech],https://www.tradingview.com/script/10yYqaY7-ORB-Strategy-LuciTech/,strategy,open_source,ORB breakout with volume context,raw_lead,2026-07-03,Open-source ORB strategy.
TVL-0113,Tailwind.(BTC),https://www.tradingview.com/script/bXY8Rfa3/,strategy,open_source,BTC grid/step strategy,raw_lead,2026-07-03,Open-source BTC strategy.
TVL-0114,SPXL Futures Strategy,https://www.tradingview.com/script/vd7kYGxY-SPXL-Futures-Strategy/,strategy,open_source,Futures strategy with public source code,raw_lead,2026-07-03,Open-source strategy page.
TVL-0115,Ultimate Scalping Strategy v2,https://www.tradingview.com/script/n45dOuob-Ultimate-Scalping-Strategy-v2/,strategy,open_source,General scalping logic for intraday markets,support_only,2026-07-03,Open-source; scalping strategy candidate.
TVL-0116,Quantcrawler ORB Strategy with Adaptive Risk and Session Levels,https://www.tradingview.com/script/LNECVcuq-Quantcrawler-ORB-Strategy-with-Adaptive-Risk-and-Session-Levels/,strategy,open_or_public,Adaptive ORB risk and multi-session levels,raw_lead,2026-07-03,Public ORB strategy page.
TVL-0117,Bitcoin Momentum Strategy,https://www.tradingview.com/script/Tce7SnL7-Bitcoin-Momentum-Strategy/,strategy,open_source,Long-only Bitcoin momentum system,raw_lead,2026-07-03,Open-source BTC strategy.
TVL-0118,Ultimate Futures Daytrade Suite v1 - The Strategy Guide,https://www.tradingview.com/script/lhObyTrH/,strategy,open_source,Futures daytrade suite / strategy guide,support_only,2026-07-03,"Open-source, but the page title reads like a guide; manual verification needed."
TVL-0119,Scalping Strategy By TradingConToto,https://www.tradingview.com/script/6VzzunaT/,strategy,open_source,General scalping setup,raw_lead,2026-07-03,Open-source strategy page.
TVL-0120,8AM ORB Master Strategy,https://www.tradingview.com/script/HOiXNOCL-8AM-ORB-Master-Strategy/,strategy,open_source,ORB variant focused on 8AM session,raw_lead,2026-07-03,Open-source ORB strategy.
TVL-0121,BTC and ETH Long strategy - version 1,https://www.tradingview.com/script/BTzQGau9-BTC-and-ETH-Long-strategy-version-1/,strategy,open_source,Long-only crypto strategy,raw_lead,2026-07-03,Open-source BTC/ETH strategy.
TVL-0122,IBS (Internal Bar Strength) Trading Strategy for SPY and NDQ,https://www.tradingview.com/script/C6uAEwxB-IBS-Internal-Bar-Strength-Trading-Strategy-for-SPY-and-NDQ/,strategy,open_source,Daily IBS reversal logic for SPY/QQQ,raw_lead,2026-07-03,Open-source IBS strategy.
TVL-0123,[SHORT ONLY] Internal Bar Strength (IBS) Mean Reversion Strategy,https://www.tradingview.com/script/Ay41FF7e-SHORT-ONLY-Internal-Bar-Strength-IBS-Mean-Reversion-Strategy/,strategy,open_or_public,Short-only daily IBS mean reversion,raw_lead,2026-07-03,Public strategy page; short-only mean reversion.
TVL-0124,Crazy IBS,https://www.tradingview.com/script/GIPLlMPS-Crazy-IBS/,strategy,open_or_public,IBS mean reversion on NQ/VXX,raw_lead,2026-07-03,Public strategy page; likely a useful IBS candidate.
TVL-0125,Internal Bar Strength (IBS) Strategy,https://www.tradingview.com/script/I3PUR2GA-Internal-Bar-Strength-IBS-Strategy/,strategy,open_or_public,Daily IBS oversold/overbought reversal,raw_lead,2026-07-03,Public strategy page.
TVL-0126,Mean Reversion Pro Strategy [tradeviZion],https://www.tradingview.com/script/zt9TPsTS-Mean-Reversion-Pro-Strategy-tradeviZion/,strategy,open_source,Daily mean reversion system,raw_lead,2026-07-03,Open-source strategy page.
TVL-0127,Best-Trading v1,https://www.tradingview.com/script/4PSAUgUK-Best-Trading-v1/,strategy,open_source,Generic public strategy page; likely trend-based,support_only,2026-07-03,Open-source but broad branding; manual verification needed.
TVL-0128,Trend Pulse Channel Strategy,https://www.tradingview.com/script/vJc6IOTz-Trend-Pulse-Channel-Strategy/,strategy,open_source,Channel-based trend strategy,raw_lead,2026-07-03,Open-source strategy page.
TVL-0129,OmniTrend ATR Scalper,https://www.tradingview.com/script/9jReGRC4-omnitrend-atr-scalper/,strategy,open_source,ATR scalping with trend-following bias,raw_lead,2026-07-03,Open-source scalper strategy.
TVL-0130,Luminous Mean Reversion Channels [Pineify],https://www.tradingview.com/script/37ufcFK9-Luminous-Mean-Reversion-Channels-Pineify/,strategy,open_source,Mean-reversion channels; public strategy page,support_only,2026-07-03,Need to confirm standalone strategy behavior from page.
TVL-0131,Options Scalper v2 - SPY/QQQ,https://www.tradingview.com/script/y1TGXhye-Options-Scalper-v2-SPY-QQQ/,strategy,open_source,Options scalping for SPY/QQQ,raw_lead,2026-07-03,Open-source strategy page.
TVL-0132,Mean Reversion Strategy v2 [KL],https://www.tradingview.com/script/EDkimR4l-Mean-Reversion-Strategy-v2-KL/,strategy,open_source,Mean reversion with entry conditions,raw_lead,2026-07-03,Open-source strategy page.
TVL-0133,Open Range Breakout Strategy With Multi TakeProfit,https://www.tradingview.com/script/Tr0vgxkq-Open-Range-Breakout-Strategy-With-Multi-TakeProfit/,strategy,open_source,ORB with multi take-profit management,raw_lead,2026-07-03,Open-source ORB strategy.
TVL-0134,Strategy for The Bitcoin Buy/Sell Indicator,https://www.tradingview.com/script/oiVFpfAo-Strategy-for-The-Bitcoin-Buy-Sell-Indicator/,strategy,open_or_public,Bitcoin buy/sell strategy overlay,support_only,2026-07-03,Public strategy page; needs manual validation of standalone logic.
TVL-0135,Master Trend Strategy v1.0,https://www.tradingview.com/script/ewZ8T4K3/,strategy,open_source,Precision trend-following system,raw_lead,2026-07-03,Open-source strategy page.
TVL-0136,PivotPulse Scalper [BullByte],https://www.tradingview.com/script/7ANyQopX-PivotPulse-Scalper-BullByte/,strategy,open_source,Pivot-based scalping strategy for Bitcoin intraday,raw_lead,2026-07-03,Open-source strategy page; replaces duplicate URL.
TVL-0137,Big Daddy Max ORB Strategy,https://www.tradingview.com/script/2uttfmSo-Big-Daddy-Max-ORB-Strategy/,strategy,open_source,ORB strategy with open-source page,raw_lead,2026-07-03,Open-source ORB strategy.
TVL-0138,Futures Calendar Spread Mean Reversion Strategy,https://www.tradingview.com/script/gOVkTn1t-Futures-Calendar-Spread-Mean-Reversion-Strategy/,strategy,open_source,Futures calendar spread mean reversion,raw_lead,2026-07-03,Open-source futures strategy.
TVL-0139,Easy Trade Pro [Buy and Sell Strategy + Backtesting System],https://www.tradingview.com/script/aZ0BPPUc-Easy-Trade-Pro-Buy-and-Sell-Strategy-Backtesting-System/,strategy,open_or_public,commission/slippage/backtesting context,support_only,2026-07-03,Search snippet mentions commission structure and slippage for EUR/USD backtest.
TVL-0140,Multi-Band Comparison Strategy (CRYPTO),https://www.tradingview.com/script/bq0ELG1b-Multi-Band-Comparison-Strategy-CRYPTO/,strategy,open_or_public,"slippage, commission, modest position sizing",raw_lead,2026-07-03,Strategy report and Source code visible in snippet.
TVL-0141,Plutus - Strategy,https://www.tradingview.com/script/2CjaKzha-Plutus-Strategy/,strategy,open_or_public,"net pnl, commission deducted from gross",raw_lead,2026-07-03,Snippet mentions backtest PnL and commission deduction.
TVL-0142,Backtesting System,https://www.tradingview.com/script/GRTkk75x-Backtesting-System/,strategy,open_or_public,backtest utility / strategy system,support_only,2026-07-03,Open-source backtesting system; more template-like than standalone strategy.
TVL-0143,Strategy BackTest Display Statistics - TraderHalai,https://www.tradingview.com/script/mGF7bMPS-Strategy-BackTest-Display-Statistics-TraderHalai/,indicator,open_or_public,strategy statistics display,metadata_only,2026-07-03,"Chart display helper for strategy statistics, not a standalone strategy."
TVL-0144,Backtest any Indicator v5,https://www.tradingview.com/script/5pPxIL4o-Backtest-any-Indicator-v5/,indicator,open_or_public,"take profit, stop loss, fees, all trades table",support_only,2026-07-03,Indicator backtest wrapper; relevant but not a strategy page.
TVL-0145,Backtest - Strategy Builder [AlgoAlpha],https://www.tradingview.com/script/10xpFEkm-Backtest-Strategy-Builder-AlgoAlpha/,strategy,open_or_public,"Sharpe, Sortino, profit factor, drawdown, win rate",support_only,2026-07-03,"Strategy builder and backtest engine, broader than one fixed strategy."
TVL-0146,Strategy Comparator — Indicator by CryptoStatistical,https://www.tradingview.com/script/4Dn1ujK3-Strategy-Comparator/,indicator,open_or_public,"profit factor, max drawdown, win rate, Calmar",metadata_only,2026-07-03,Indicator computes backtesting metrics internally; not a strategy() script.
TVL-0147,Backtest Template [Backtest Terminal] — Strategy by BacktestTerminal,https://www.tradingview.com/script/KQpraXem-Backtest-Template-Backtest-Terminal/,strategy,open_or_public,open-source strategy framework,support_only,2026-07-03,Template framework for user logic rather than a fixed strategy.
TVL-0148,TASC 2026.06 One Percent A Week - Adaptive,https://www.tradingview.com/script/CSGmHoik-TASC-2026-06-One-Percent-A-Week-Adaptive/,strategy,open_or_public,"commission, slippage, sizing",raw_lead,2026-07-03,Strategy report and Source code visible in snippet.
TVL-0149,FTSMA - Trend is your frend,https://www.tradingview.com/script/wffJotUo-FTSMA-Trend-is-your-frend/,strategy,open_or_public,"profit, profit factor, drawdown guidance",raw_lead,2026-07-03,Older strategy page explicitly references Strategy Tester settings.
TVL-0150,Open Close Cross Strategy R5 revised by JustUncleL,https://www.tradingview.com/script/vObmEraY-Open-Close-Cross-Strategy-R5-revised-by-JustUncleL/,strategy,open_or_public,open public release,raw_lead,2026-07-03,Historical open-public strategy page with Source code.
TVL-0151,Concordance Allocation Strategy [JOAT],https://www.tradingview.com/script/BXDmlQdj-Concordance-Allocation-Strategy-JOAT/,strategy,open_or_public,"strategy report, source code",raw_lead,2026-07-03,Open-source strategy page with report and source code.
TVL-0152,Strategy Builder by Bmaloney,https://www.tradingview.com/script/s9PPiQef-Strategy-Builder/,strategy,open_or_public,visual multi-condition strategy building,support_only,2026-07-03,Prototype builder rather than a fixed raw strategy.
TVL-0153,Day Trading Strategy (With Risk Management),https://www.tradingview.com/script/JKPBOOqR-Day-Trading-Strategy-With-Risk-Management/,strategy,open_or_public,"strategy report, source code",raw_lead,2026-07-03,"Strategy page, likely one of the stronger direct leads."
TVL-0154,RSI Mean Reversion,https://www.tradingview.com/script/JFIZkwZR-RSI-Mean-Reversion/,strategy,open_or_public,classic mean reversion strategy,raw_lead,2026-07-03,Strategy report and source code visible.
TVL-0155,Strategy Code Example - Risk Management,https://www.tradingview.com/script/zgn9pUcQ-Strategy-Code-Example-Risk-Management/,strategy,open_or_public,risk management example,support_only,2026-07-03,Code example rather than a trade thesis.
TVL-0156,Trend Following Breakout,https://www.tradingview.com/script/vOfNuQ8n-Trend-Following-Breakout/,strategy,open_or_public,entry and exit parameter tuning,raw_lead,2026-07-03,Strategy page with source code and backtesting context.
TVL-0157,Fractional Accumulation Distribution Strategy,https://www.tradingview.com/script/3GDEGYeu-Fractional-Accumulation-Distribution-Strategy/,strategy,open_or_public,"commission 0.1%, slippage 5 ticks, backtesting",raw_lead,2026-07-03,Backtested with TradingView built-in strategy tester.
TVL-0158,Strategy Template,https://www.tradingview.com/script/ImCFrBhi-Strategy-Template/,strategy,open_or_public,stoploss/takeprofit/date range template,support_only,2026-07-03,"Template framework, useful but not a raw strategy case."
TVL-0159,Ultimate Strategy Template,https://www.tradingview.com/script/2lGyzYkC-Ultimate-Strategy-Template/,strategy,open_or_public,template for backtesting statistics,support_only,2026-07-03,Generic connector/template rather than a finished strategy.
TVL-0160,Closed Source Strategy Tester,https://www.tradingview.com/script/ov6cAQVy-Closed-Source-Strategy-Tester/,backtest_tool,open_or_public,tests closed-source indicators with buy/sell signals,reject_candidate,2026-07-03,"Tool for testing other indicators, not a raw strategy lead."
TVL-0161,TTv Strategy v0.2,https://www.tradingview.com/script/qlxW58KC-TTv-Strategy-v0-2/,strategy,open_or_public,TensorTrader-compatible strategy adaptation,raw_lead,2026-07-03,Strategy report and source code visible.
TVL-0162,QuantBuilder | Fractalyst,https://www.tradingview.com/script/vuSGeG93-QuantBuilder-Fractalyst/,strategy,open_or_public,"profit factor, maxDD definitions",support_only,2026-07-03,Strategy builder and explanatory framework.
TVL-0163,RSI Trend Following Strategy by Skyrexio,https://www.tradingview.com/script/mwyj1IWU-RSI-Trend-Following-Strategy/,strategy,open_or_public,"strategy report, source code",raw_lead,2026-07-03,Open-source strategy page.
TVL-0164,Strategy Builder Pro [ChartPrime],https://www.tradingview.com/script/PYX2notY-Strategy-Builder-Pro-ChartPrime/,strategy,open_or_public,testing complex strategies with many parameters,support_only,2026-07-03,"Builder/template page, not a fixed raw strategy."
TVL-0165,Quant Synthesis Strategy [JOAT],https://www.tradingview.com/script/vxQ5o39J-Quant-Synthesis-Strategy-JOAT/,strategy,open_or_public,"slippage, commission assumptions, research framework",raw_lead,2026-07-03,Open-source research strategy with explicit assumptions.
TVL-0166,Backtesting Module,https://www.tradingview.com/script/uLY2TQdm/,strategy,open_or_public,backtest report using entry and exit variables,support_only,2026-07-03,"Generic module/template, not a raw strategy case."
TVL-0167,Prop-Firm Ready 2% Drawdown Double-Digit PF 72% Accuracy,https://www.tradingview.com/script/5hxC6cPG-Prop-Firm-Ready-2-Drawdown-Double-Digit-PF-72-Accuracy/,strategy,open_or_public,"drawdown, profit factor, accuracy",raw_lead,2026-07-03,Lead-style page with strong metric framing.
TVL-0168,STRATEGY TESTER ENGINE - ON CHART DISPLAY,https://www.tradingview.com/script/fKIMrSVd-STRATEGY-TESTER-ENGINE-ON-CHART-DISPLAY-PLUG-PLAY/,indicator,open_or_public,profit factor and max drawdown explanation,support_only,2026-07-03,"Backtest display engine, not a standalone strategy."
TVL-0169,Smart Trend Strategy | julzALGO,https://www.tradingview.com/script/Sg2qyDDe-Smart-Trend-Strategy-julzALGO/,strategy,open_or_public,"source code, BOS/CHoCH logic",raw_lead,2026-07-03,Trend-following strategy with explicit structure confirmation.
TVL-0170,RiskCraft - Advanced Risk Management System,https://www.tradingview.com/script/0Pm7zOCL-RiskCraft-Advanced-Risk-Management-System/,indicator,open_or_public,risk dashboard / trade history disabled,reject_candidate,2026-07-03,Indicator mode only; no automated entries or exits.
TVL-0171,Trend Following Long Only Strategy,https://www.tradingview.com/script/EEn8pjzB-Trend-Following-Long-Only-Strategy/,strategy,open_or_public,open-source strategy report,raw_lead,2026-07-03,Open-source strategy page; replaces the earlier duplicate URL.
TVL-0172,Multi-Indicator Trend-Following Strategy 1-minute Gold strategy,https://www.tradingview.com/script/bWd18OCU-Multi-Indicator-Trend-Following-Strategy-1-minute-Gold-strategy/,strategy,open_or_public,open-source strategy report,raw_lead,2026-07-03,Gold-specific trend-following strategy page.
TVL-0173,"Smart Trader, Final Episode, AI-Assisting Geometric Strategy",https://www.tradingview.com/script/7VaVDKeE-Smart-Trader-Final-Episode-AI-Assisting-Geometric-Strategy/,strategy,open_or_public,"profit factor 0.658, max drawdown 30.70%",raw_lead,2026-07-03,Search snippet exposes explicit backtest metrics.
TVL-0174,Triaxial Consensus Strategy by AetherEdge,https://www.tradingview.com/script/DZ81TJie/,strategy,open_or_public,"commission/slippage context, drawdown protection",raw_lead,2026-07-03,Strategy page with explicit backtest caveats.
TVL-0175,Flux Charts - SFX Automation,https://www.tradingview.com/script/GjcM6I3h-Flux-Charts-SFX-Automation/,strategy,open_or_public,profit factor in backtest,raw_lead,2026-07-03,Strategy builder page with explicit PF mention.
TVL-0176,Risk Management Engine | Anonycryptous,https://www.tradingview.com/script/ofFha2Mp-Risk-Management-Engine-Anonycryptous/,indicator,open_or_public,"entry, stop-loss, targets, max contracts",metadata_only,2026-07-03,Indicator assistance only; no automated strategy execution.
TVL-0177,ENA Grid Bot - Long Strategy,https://www.tradingview.com/script/RnrrRYP6-3Commas-ENA-Grid-Bot-Long-Strategy/,strategy,public; 3Commas account; visible strategy results,"1,875 closed trades; PF 1.067; max DD 23.52%; net +11.21%",support_only,2026-07-03,High drawdown and thin PF.
TVL-0178,[3Commas] XLM Grid Bot - Long Strategy,https://www.tradingview.com/script/9ht1ea8N-3Commas-XLM-Grid-Bot-Long-Strategy/,strategy,public; 3Commas account; visible strategy results,"1,076 closed trades; PF 1.932; max DD not shown in snippet",raw_lead,2026-07-03,Large-sample grid candidate.
TVL-0179,[3Commas] Turtle Strategy,https://www.tradingview.com/script/9qFCuXqF-3Commas-Turtle-Strategy/,strategy,public; visible strategy results; 3Commas webhook compatible,281 closed trades; PF 1.704; max DD 0.95%; net +5.17%,raw_lead,2026-07-03,Long/short strategy with visible results and 3Commas compatibility.
TVL-0180,CK INDEX Strategy Open-source code Free No Cost,https://www.tradingview.com/script/SPVEenBF/,strategy,open_source,Strategy report and source code visible in search result,raw_lead,2026-07-03,Needs manual Strategy Report metrics and source review.
TVL-0181,AI-JX Strategy,https://www.tradingview.com/script/qlxR6F5n/,strategy,public,Pine Script v6 strategy system; metrics not captured in snippet,raw_lead,2026-07-03,Needs manual metrics and parameter extraction.
TVL-0182,New Rate PREMIUM v2,https://es.tradingview.com/script/WJ9TLXeH/,strategy,public,Commission and slippage context visible,raw_lead,2026-07-03,Backtest settings mentioned; needs Strategy Report verification.
TVL-0183,MACD Crossover Strategy Long Short,https://www.tradingview.com/script/EmvVsgot/,strategy,public,Pine Script v6 configurable MACD strategy,raw_lead,2026-07-03,Needs PF drawdown trades and parameter capture.
TVL-0184,DIY Custom Strategy Builder ZP v1,https://www.tradingview.com/script/8z6wbyw5/,strategy,public,Strategy report and source code visible; win-rate claim in snippet,support_only,2026-07-03,Builder-like strategy; needs proof before accepted.
TVL-0185,PowerZone Trading Strategy,https://www.tradingview.com/script/k1kajVWb-PowerZone-Trading-Strategy/,strategy,public,Automated strategy with take-profit and stop-loss logic,raw_lead,2026-07-03,Needs report metrics and parameters.
TVL-0186,Surgical Sweep Original Restored,https://www.tradingview.com/script/25Ffpyo0-Surgical-Sweep-Original-Restored/,strategy,public,Pine Script v6 strategy; 30m timeframe mentioned,raw_lead,2026-07-03,Needs PF drawdown and sample-size review.
TVL-0187,Hash Momentum Strategy,https://www.tradingview.com/script/L6VNlhiV-Hash-Momentum-Strategy/,strategy,public,Expected PF 1.5-2.0 and max drawdown 10-20 percent in snippet,support_only,2026-07-03,Expectation language; needs real Strategy Report.
TVL-0188,GetTrendStrategy,https://www.tradingview.com/script/PHnPTxTd-gettrendstrategy/,strategy,open_source,Open-source script visibility in search result,raw_lead,2026-07-03,Needs metrics and parameter extraction.
TVL-0189,Confluence Engine Strategy JOAT,https://www.tradingview.com/script/4W7XgwiP-Confluence-Engine-Strategy-JOAT/,strategy,open_source,Open-source confluence score strategy,raw_lead,2026-07-03,Needs Strategy Report verification.
TVL-0190,4-Hour Range Scalping v6.3,https://www.tradingview.com/script/EDQT7MVl-4-Hour-Range-Scalping-v6-3/,strategy,public,5m chart setup instructions visible,raw_lead,2026-07-03,Needs metrics and settings review.
TVL-0191,15 Min ORB Real Version MNQ,https://www.tradingview.com/script/6HYQYnFl-15-Min-ORB-Real-Version-MNQ/,strategy,open_source,ORB entry logic and source visibility visible,raw_lead,2026-07-03,Needs Strategy Report metrics and cost assumptions.
TVL-0192,EXODUS,https://www.tradingview.com/script/58nl19i4-EXODUS/,strategy,public,Profit factor 2.143 appears in discussion snippet,support_only,2026-07-03,Metric came from discussion snippet; needs official report capture.
TVL-0193,Concordance Execution Model JOAT,https://www.tradingview.com/script/zpKLbjA0-Concordance-Execution-Model-JOAT/,strategy,open_source,Open-source JOAT execution strategy,raw_lead,2026-07-03,Needs PF drawdown trades and settings.
TVL-0194,FlexiSuperTrend Strategy presentTrading,https://www.tradingview.com/script/y9noW915-FlexiSuperTrend-Strategy-presentTrading/,strategy,open_source,presentTrading SuperTrend strategy,raw_lead,2026-07-03,Needs Strategy Report verification.
TVL-0195,VIDYA ProTrend Multi-Tier Profit,https://www.tradingview.com/script/hEiX3kCj-VIDYA-ProTrend-Multi-Tier-Profit/,strategy,open_source,Open-source presentTrading strategy,raw_lead,2026-07-03,Needs parameters and backtest metrics.
TVL-0196,Multi-Step FlexiSuperTrend Strategy presentTrading,https://www.tradingview.com/script/FxxdXitn-Multi-Step-FlexiSuperTrend-Strategy-presentTrading/,strategy,open_source,Multi-step take-profit strategy,raw_lead,2026-07-03,Needs costs and report metrics.
TVL-0197,Charter Execution Model JOAT,https://www.tradingview.com/script/diGzWjrX-Charter-Execution-Model-JOAT/,strategy,open_source,Open-source JOAT strategy,raw_lead,2026-07-03,Needs Strategy Report verification.
TVL-0198,Parallax Covenant Strategy JOAT,https://www.tradingview.com/script/pjUZ1vMs-Parallax-Covenant-Strategy-JOAT/,strategy,open_source,Open-source non-repainting strategy framework,raw_lead,2026-07-03,Needs metrics and parameter review.
TVL-0199,Sovereign Execution JOAT,https://www.tradingview.com/script/hVJ4WG1v-Sovereign-Execution-JOAT/,strategy,open_source,Open-source JOAT execution strategy,raw_lead,2026-07-03,Needs PF drawdown trades and report capture.
TVL-0200,JOAT Institutional Convergence,https://www.tradingview.com/script/jn1rXKpM-JOAT-Institutional-Convergence-JOAT/,strategy,open_source,Open-source JOAT strategy,raw_lead,2026-07-03,Needs Strategy Report verification.
